Age,Attrition,DistanceFromHome,EnvironmentSatisfaction,HourlyRate,JobSatisfaction,MonthlyIncome,PercentSalaryHike,TrainingTimesLastYear,YearsInCurrentRole,YearsSinceLastPromotion,YearsWithCurrManager,Department_Human Resources,Department_Research & Development,Department_Sales,Gender_Female,Gender_Male,OverTime_No,OverTime_Yes
41,Yes,1,2,94,4,5993,11,0,4,0,5,0,0,1,1,0,0,1
49,No,8,3,61,2,5130,23,3,7,1,7,0,1,0,0,1,1,0
37,Yes,2,4,92,3,2090,15,3,0,0,0,0,1,0,0,1,0,1
33,No,3,4,56,3,2909,11,3,7,3,0,0,1,0,1,0,0,1
27,No,2,1,40,2,3468,12,3,2,2,2,0,1,0,0,1,1,0
32,No,2,4,79,4,3068,13,2,7,3,6,0,1,0,0,1,1,0
59,No,3,3,81,1,2670,20,3,0,0,0,0,1,0,1,0,0,1
30,No,24,4,67,3,2693,22,2,0,0,0,0,1,0,0,1,1,0
38,No,23,4,44,3,9526,21,2,7,1,8,0,1,0,0,1,1,0
36,No,27,3,94,3,5237,13,3,7,7,7,0,1,0,0,1,1,0
35,No,16,1,84,2,2426,13,5,4,0,3,0,1,0,0,1,1,0
29,No,15,4,49,3,4193,12,3,5,0,8,0,1,0,1,0,0,1
31,No,26,1,31,3,2911,17,1,2,4,3,0,1,0,0,1,1,0
34,No,19,2,93,4,2661,11,2,2,1,2,0,1,0,0,1,1,0
28,Yes,24,3,50,3,2028,14,4,2,0,3,0,1,0,0,1,0,1
29,No,21,2,51,1,9980,11,1,9,8,8,0,1,0,1,0,1,0
32,No,5,1,80,2,3298,12,5,2,0,5,0,1,0,0,1,0,1
22,No,16,4,96,4,2935,13,2,0,0,0,0,1,0,0,1,0,1
53,No,2,1,78,4,15427,16,3,8,3,7,0,0,1,1,0,1,0
38,No,2,4,45,4,3944,11,3,2,1,2,0,1,0,0,1,0,1
24,No,11,1,96,3,4011,18,5,2,1,3,0,1,0,1,0,1,0
36,Yes,9,3,82,1,3407,23,4,3,0,3,0,0,1,0,1,1,0
34,No,7,1,53,2,11994,11,4,6,2,11,0,1,0,1,0,1,0
21,No,15,3,96,4,1232,14,6,0,0,0,0,1,0,0,1,1,0
34,Yes,6,2,83,1,2960,11,2,2,1,3,0,1,0,0,1,1,0
53,No,5,3,58,3,19094,11,3,13,4,8,0,1,0,1,0,1,0
32,Yes,16,2,72,1,3919,22,5,2,6,7,0,1,0,1,0,0,1
42,No,8,3,48,2,6825,11,2,7,4,2,0,0,1,0,1,1,0
44,No,7,1,42,4,10248,14,4,6,5,17,0,1,0,1,0,1,0
46,No,2,2,83,1,18947,12,2,2,2,1,0,0,1,1,0,1,0
33,No,2,3,78,4,2496,11,3,1,0,0,0,1,0,0,1,1,0
44,No,10,4,41,4,6465,13,5,2,1,3,0,1,0,0,1,0,1
30,No,9,4,83,3,2206,13,5,0,1,8,0,1,0,0,1,1,0
39,Yes,5,4,56,4,2086,14,6,0,0,0,0,0,1,0,1,1,0
24,Yes,1,2,61,4,2293,16,2,0,2,0,0,1,0,0,1,0,1
43,No,2,4,72,3,2645,12,3,3,1,4,0,1,0,1,0,1,0
50,Yes,3,1,86,3,2683,14,2,2,0,2,0,0,1,0,1,0,1
35,No,2,4,97,4,2014,13,3,2,2,2,0,0,1,1,0,1,0
36,No,5,2,82,1,3419,14,3,1,0,0,0,1,0,1,0,0,1
33,No,1,3,42,1,5376,19,3,3,1,3,0,0,1,1,0,1,0
35,No,4,3,75,4,1951,12,3,0,0,0,0,1,0,0,1,1,0
27,No,2,4,33,1,2341,13,6,0,0,0,0,1,0,1,0,1,0
26,Yes,25,1,48,3,2293,12,2,0,0,1,0,1,0,0,1,1,0
27,No,8,4,37,3,8726,15,0,8,1,7,0,0,1,0,1,1,0
30,No,1,3,58,4,4011,23,2,8,3,7,0,1,0,1,0,1,0
41,Yes,12,2,49,3,19545,12,0,15,15,8,0,1,0,1,0,1,0
34,No,23,2,72,3,4568,20,2,5,8,7,0,0,1,0,1,1,0
37,No,19,2,73,2,3022,21,1,0,0,0,0,1,0,0,1,1,0
46,No,5,1,98,4,5772,21,4,6,0,8,0,0,1,0,1,0,1
35,No,8,4,36,4,2269,19,2,0,0,1,0,1,0,0,1,1,0
48,Yes,1,1,98,3,5381,13,2,0,0,0,0,1,0,0,1,0,1
28,Yes,5,3,50,3,3441,13,3,2,2,2,0,1,0,0,1,0,1
44,No,1,2,75,1,5454,21,2,3,1,3,0,0,1,1,0,0,1
35,No,11,3,79,1,9884,13,3,0,2,3,0,1,0,0,1,0,1
26,No,23,3,47,4,4157,19,2,2,0,0,0,0,1,1,0,0,1
33,No,1,1,98,4,13458,12,1,14,8,12,0,1,0,1,0,0,1
35,No,18,2,71,1,9069,22,3,8,1,8,0,0,1,0,1,1,0
35,No,23,3,30,1,4014,15,3,2,2,2,0,1,0,1,0,0,1
31,No,7,4,48,4,5915,22,3,7,1,7,0,1,0,0,1,1,0
37,No,1,1,51,3,5993,18,2,5,0,7,0,1,0,0,1,1,0
32,No,1,1,33,4,6162,22,3,8,7,8,0,1,0,0,1,0,1
38,No,29,4,50,4,2406,11,2,3,9,9,0,1,0,1,0,1,0
50,No,7,2,43,3,18740,12,2,3,13,8,0,1,0,1,0,0,1
59,No,25,1,99,1,7637,11,3,16,7,9,0,0,1,1,0,1,0
36,No,8,3,59,3,10096,13,2,14,12,8,0,1,0,1,0,1,0
55,No,8,4,33,3,14756,14,2,0,0,2,0,1,0,1,0,0,1
36,No,11,2,95,2,6499,13,3,5,0,3,0,1,0,0,1,1,0
45,No,7,2,59,1,9724,17,2,0,0,0,0,1,0,0,1,1,0
35,No,1,2,79,1,2194,13,2,2,1,2,0,1,0,0,1,1,0
36,Yes,9,4,79,3,3388,17,0,0,0,0,0,1,0,0,1,0,1
59,No,1,1,57,3,5473,11,2,3,1,3,0,0,1,1,0,1,0
29,No,2,3,76,2,2703,23,3,4,0,4,0,1,0,0,1,1,0
31,No,1,3,87,2,2501,17,4,1,1,0,0,1,0,0,1,1,0
32,No,1,2,66,2,6220,17,3,4,0,9,0,1,0,0,1,1,0
36,No,6,2,55,4,3038,12,3,0,0,0,0,1,0,1,0,1,0
31,No,8,3,61,4,4424,23,2,7,1,8,0,1,0,1,0,1,0
35,No,1,3,32,1,4312,14,2,13,2,8,0,0,1,0,1,1,0
45,No,6,4,52,1,13245,14,3,0,0,0,0,1,0,0,1,0,1
37,No,7,1,30,3,13664,13,3,2,0,2,0,1,0,0,1,1,0
46,No,5,2,80,2,5021,22,2,2,0,2,1,0,0,0,1,0,1
30,No,1,4,55,4,5126,12,1,8,3,0,0,1,0,0,1,0,1
35,No,1,2,30,3,2859,18,3,4,0,4,0,1,0,0,1,1,0
55,No,1,1,70,4,10239,14,4,0,1,0,0,0,1,0,1,1,0
38,No,6,2,79,4,5329,12,3,11,1,9,0,1,0,1,0,0,1
34,No,1,1,94,2,4325,15,2,2,1,3,0,1,0,0,1,1,0
56,No,7,4,49,4,7260,11,3,4,0,2,0,1,0,0,1,1,0
23,No,2,3,62,1,2322,13,3,0,0,0,0,0,1,0,1,1,0
51,No,9,4,96,4,2075,23,4,2,0,3,0,1,0,0,1,1,0
30,No,2,3,99,4,4152,19,3,10,10,8,0,1,0,0,1,1,0
46,Yes,9,3,64,4,9619,16,3,8,4,7,0,0,1,0,1,1,0
40,No,1,3,78,2,13503,22,3,3,11,11,0,1,0,0,1,1,0
51,No,21,3,71,4,5441,22,2,7,1,0,0,0,1,0,1,0,1
30,No,4,3,63,2,5209,12,4,8,2,7,0,0,1,1,0,0,1
46,No,1,3,40,1,10673,13,5,9,9,5,0,1,0,0,1,0,1
32,No,6,2,87,3,5010,16,0,8,5,7,0,0,1,0,1,1,0
54,No,2,1,60,3,13549,12,5,3,0,3,0,1,0,1,0,1,0
24,No,3,1,33,3,4999,21,2,2,0,2,0,0,1,1,0,1,0
28,No,4,2,43,3,4221,15,3,4,0,4,0,0,1,0,1,1,0
58,No,10,4,37,3,13872,13,1,10,1,8,0,0,1,0,1,1,0
44,No,23,2,67,2,2042,12,3,2,1,2,0,1,0,0,1,1,0
37,Yes,6,3,63,1,2073,22,3,2,0,2,1,0,0,0,1,0,1
32,No,1,4,71,1,2956,13,2,0,0,0,0,1,0,0,1,1,0
20,Yes,6,4,66,4,2926,18,5,0,1,0,0,1,0,1,0,0,1
34,No,6,1,41,3,4809,14,3,13,2,10,0,1,0,1,0,1,0
37,No,2,3,100,4,5163,14,2,0,0,0,0,1,0,0,1,1,0
59,No,2,3,32,4,18844,21,3,2,2,2,1,0,0,1,0,1,0
50,No,1,1,73,2,18172,19,1,3,0,7,0,1,0,1,0,0,1
25,Yes,5,3,46,3,5744,11,1,4,0,3,0,0,1,0,1,0,1
25,No,7,4,64,4,2889,11,2,2,2,1,0,1,0,0,1,1,0
22,No,15,2,59,4,2871,15,5,0,0,0,0,1,0,1,0,1,0
51,No,1,1,30,1,7484,20,1,12,12,8,0,1,0,1,0,1,0
34,Yes,7,1,66,3,6074,24,3,7,0,6,0,1,0,0,1,0,1
54,No,26,4,30,4,17328,12,3,3,4,4,1,0,0,1,0,0,1
24,No,18,2,52,3,2774,12,2,3,1,2,0,1,0,0,1,1,0
34,No,6,3,45,2,4505,15,3,0,0,0,0,1,0,1,0,1,0
37,No,3,3,87,4,7428,12,3,3,1,3,0,0,1,0,1,1,0
34,No,5,3,45,1,11631,12,6,10,5,8,0,1,0,1,0,1,0
36,No,11,2,92,4,9738,14,6,7,2,8,0,0,1,1,0,1,0
36,No,3,1,39,4,2835,22,2,0,0,0,0,1,0,1,0,1,0
43,No,26,3,92,4,16959,12,3,12,4,12,0,0,1,0,1,0,1
30,No,23,1,96,3,2613,25,2,7,0,9,0,1,0,0,1,1,0
33,No,22,3,95,2,6146,13,2,7,0,7,0,0,1,0,1,1,0
56,Yes,14,2,72,2,4963,18,2,4,4,3,0,1,0,1,0,0,1
51,No,6,1,51,3,19537,13,5,18,15,15,0,1,0,0,1,1,0
31,Yes,6,2,76,3,6172,18,3,7,7,7,0,0,1,0,1,0,1
26,No,6,3,46,2,2368,19,3,4,4,3,0,1,0,1,0,1,0
58,Yes,23,4,94,4,10312,12,3,10,15,6,0,1,0,1,0,1,0
19,Yes,22,4,50,3,1675,19,2,0,0,0,0,0,1,0,1,0,1
22,No,2,3,100,4,2523,14,2,1,2,1,0,1,0,0,1,1,0
49,No,20,3,96,1,6567,14,2,11,5,11,0,1,0,1,0,1,0
43,No,28,2,72,3,4739,12,2,2,1,2,0,1,0,1,0,1,0
50,No,12,3,77,4,9208,11,3,2,2,1,0,0,1,1,0,1,0
31,Yes,20,2,71,3,4559,11,2,2,2,2,0,0,1,1,0,0,1
41,No,9,3,96,3,8189,13,2,7,0,7,0,0,1,0,1,0,1
26,No,25,3,61,3,2942,23,3,7,5,7,1,0,0,1,0,1,0
36,No,6,2,84,2,4941,20,0,2,0,1,0,1,0,0,1,1,0
51,Yes,8,1,53,4,10650,15,2,2,0,3,0,1,0,0,1,1,0
39,No,4,4,47,3,5902,14,1,11,5,9,0,0,1,1,0,1,0
25,No,28,1,41,3,8639,18,3,2,2,2,0,0,1,0,1,1,0
30,No,9,3,48,4,6347,19,2,9,4,7,1,0,0,0,1,0,1
32,Yes,9,1,41,1,4200,22,2,4,0,4,0,1,0,1,0,1,0
45,No,29,3,83,4,3452,13,2,5,0,3,0,1,0,0,1,1,0
38,No,3,4,32,3,4317,20,2,2,2,2,0,1,0,1,0,0,1
30,No,18,1,75,3,2632,14,4,4,0,4,0,1,0,1,0,1,0
32,No,9,4,35,4,4668,17,2,7,0,7,0,0,1,0,1,1,0
30,No,5,4,84,1,3204,14,3,2,2,2,0,1,0,1,0,1,0
30,No,2,2,35,4,2720,13,3,3,1,2,0,1,0,0,1,1,0
41,No,10,4,91,1,17181,13,2,6,7,7,0,1,0,0,1,1,0
41,No,9,3,94,1,2238,21,2,0,1,4,0,1,0,0,1,1,0
19,No,3,2,79,2,1483,14,3,0,0,0,0,1,0,1,0,1,0
40,No,26,2,54,2,5605,11,2,7,2,13,0,1,0,1,0,1,0
35,No,1,3,94,2,7295,13,3,8,0,6,0,0,1,0,1,1,0
53,No,6,2,34,3,2306,20,3,7,4,5,0,0,1,0,1,0,1
45,No,9,2,60,2,2348,18,2,9,0,15,0,1,0,0,1,1,0
32,No,8,2,43,4,8998,14,2,8,3,7,0,0,1,1,0,1,0
29,No,1,4,41,3,4319,13,1,7,0,9,0,1,0,0,1,1,0
51,No,7,2,34,3,6132,17,2,0,0,0,0,1,0,0,1,1,0
58,No,9,2,75,2,3346,20,3,0,0,0,0,1,0,1,0,0,1
40,No,4,3,67,4,10855,11,2,11,2,11,0,0,1,0,1,1,0
34,No,2,3,75,3,2231,18,3,3,1,2,0,0,1,1,0,1,0
22,No,19,3,80,4,2323,24,6,2,2,2,0,1,0,0,1,1,0
27,No,9,4,57,2,2024,18,1,2,2,2,0,1,0,0,1,1,0
28,No,21,3,42,4,2713,11,2,2,0,2,0,1,0,0,1,1,0
57,No,24,3,83,4,9439,16,2,3,1,4,0,1,0,0,1,0,1
27,No,3,3,79,3,2566,15,2,1,0,1,0,1,0,0,1,0,1
50,No,11,3,53,2,19926,15,5,4,4,4,0,1,0,1,0,1,0
41,No,14,1,56,3,2451,12,2,8,1,8,0,1,0,0,1,1,0
30,No,5,2,41,4,9419,12,2,9,7,4,0,0,1,1,0,1,0
38,No,1,1,59,4,8686,22,2,3,0,7,0,0,1,1,0,1,0
32,No,6,3,43,3,3038,20,2,4,1,4,0,1,0,0,1,1,0
27,No,17,3,51,2,3058,16,3,2,1,1,0,1,0,0,1,0,1
19,Yes,1,3,100,1,2325,21,5,0,0,0,0,0,1,1,0,1,0
36,No,3,4,30,2,2088,12,3,7,7,2,0,1,0,0,1,1,0
30,No,9,3,66,1,3072,11,4,9,6,10,0,1,0,0,1,1,0
45,No,4,3,30,1,5006,11,3,4,0,3,0,0,1,1,0,0,1
56,No,8,3,67,1,4257,18,3,2,2,2,0,1,0,1,0,0,1
33,No,2,3,90,4,2500,14,2,1,0,2,0,1,0,0,1,1,0
19,Yes,2,2,47,4,1102,22,3,0,1,0,0,1,0,0,1,1,0
46,No,1,2,92,1,10453,25,2,13,15,7,0,0,1,1,0,1,0
38,No,9,3,75,4,2288,12,3,2,2,1,0,1,0,1,0,1,0
31,No,12,3,95,4,3929,23,0,2,0,2,0,1,0,1,0,0,1
34,No,27,4,95,2,2311,15,3,2,1,2,0,1,0,1,0,1,0
41,Yes,20,2,70,2,3140,22,5,3,0,2,0,0,1,1,0,0,1
50,No,1,3,86,3,3690,15,2,2,0,2,0,1,0,0,1,1,0
53,No,13,4,57,1,4450,11,3,2,1,3,0,1,0,1,0,1,0
33,No,14,4,72,2,2756,13,5,7,1,6,0,1,0,1,0,1,0
40,No,4,4,46,3,19033,14,2,8,9,9,0,1,0,1,0,1,0
55,No,14,3,61,2,18722,11,3,15,2,15,0,1,0,0,1,1,0
34,No,2,4,45,3,9547,17,2,9,1,9,0,1,0,0,1,1,0
51,No,3,4,98,2,13734,18,6,7,1,0,0,1,0,1,0,1,0
52,No,1,3,65,3,19999,14,5,18,11,9,0,1,0,0,1,1,0
27,No,9,4,99,2,2279,16,2,7,0,3,0,1,0,1,0,1,0
35,Yes,23,2,50,3,5916,13,1,0,0,1,0,1,0,0,1,0,1
43,No,7,4,37,4,2089,14,3,4,2,2,0,1,0,0,1,1,0
45,No,2,1,65,4,16792,23,1,8,11,8,0,1,0,0,1,1,0
37,No,21,2,65,1,3564,12,3,7,1,7,0,1,0,0,1,0,1
35,No,2,2,37,2,4425,11,5,2,1,2,0,1,0,1,0,1,0
42,No,21,3,36,3,5265,16,5,3,0,2,0,1,0,1,0,1,0
38,No,2,4,88,3,6553,14,3,0,0,0,0,1,0,0,1,1,0
38,No,29,4,54,4,6261,18,3,7,1,7,0,1,0,0,1,1,0
27,No,1,3,60,1,4298,19,1,2,2,0,0,1,0,0,1,1,0
49,No,18,4,92,4,6804,15,0,7,1,7,0,1,0,0,1,0,1
34,No,10,4,43,3,3815,17,4,3,2,0,0,1,0,0,1,0,1
40,No,19,3,99,4,2741,15,2,2,3,7,0,1,0,0,1,0,1
38,Yes,29,2,70,1,6673,19,2,0,0,0,0,1,0,0,1,0,1
29,Yes,27,2,35,4,7639,22,3,4,1,9,0,0,1,1,0,1,0
22,No,5,4,60,2,2328,16,2,2,2,2,0,1,0,0,1,0,1
36,No,18,2,73,4,2153,13,2,1,1,7,0,1,0,1,0,1,0
40,No,9,4,63,4,4876,14,5,2,0,2,0,1,0,0,1,1,0
46,No,1,4,97,1,9396,16,3,2,0,3,0,1,0,0,1,1,0
32,Yes,4,4,32,4,10400,11,2,8,9,8,0,0,1,0,1,1,0
30,No,1,3,88,3,8474,22,2,8,5,8,0,1,0,0,1,1,0
27,No,20,4,90,3,9981,14,2,7,0,7,0,0,1,1,0,1,0
51,No,8,2,81,2,12490,16,5,9,4,7,0,1,0,0,1,1,0
30,Yes,3,4,88,1,2657,11,5,2,0,4,0,1,0,1,0,0,1
41,No,6,4,75,4,13591,18,3,0,0,0,0,0,1,1,0,0,1
30,Yes,26,3,52,1,6696,15,5,3,0,1,0,0,1,1,0,1,0
29,Yes,1,3,85,3,2058,14,1,2,1,5,0,1,0,0,1,1,0
45,No,6,4,57,4,8865,12,2,7,12,8,0,0,1,1,0,1,0
54,No,3,4,52,1,5940,14,4,2,0,5,0,0,1,1,0,1,0
36,No,5,4,62,2,5914,16,3,11,3,7,0,1,0,0,1,1,0
33,No,4,3,47,2,2622,21,3,2,1,1,0,1,0,1,0,1,0
37,No,11,2,47,4,12185,14,1,8,0,7,0,1,0,0,1,0,1
38,No,3,1,76,3,10609,12,6,10,5,13,0,0,1,0,1,1,0
31,No,1,3,90,3,4345,12,2,4,1,4,0,1,0,0,1,1,0
59,No,3,3,70,4,2177,17,6,0,0,0,0,1,0,0,1,1,0
37,No,4,1,41,4,2793,17,2,8,5,8,0,0,1,0,1,1,0
29,No,1,2,42,4,7918,14,5,10,4,1,0,0,1,1,0,1,0
35,No,1,3,92,3,8789,14,3,7,0,8,0,0,1,1,0,1,0
29,Yes,18,3,86,4,2389,13,3,3,0,1,0,1,0,0,1,0,1
52,No,2,3,89,4,3212,15,3,2,2,2,0,1,0,1,0,1,0
42,No,4,3,58,4,19232,11,3,17,11,15,0,1,0,0,1,1,0
59,No,6,2,52,3,2267,17,2,2,2,2,1,0,0,0,1,1,0
50,No,1,4,68,4,19517,11,3,0,0,6,0,0,1,1,0,1,0
33,Yes,14,3,58,4,2436,13,2,4,0,4,0,1,0,0,1,0,1
43,No,16,4,80,4,16064,22,3,13,1,9,0,0,1,1,0,0,1
33,Yes,2,1,39,1,2707,20,3,7,1,7,0,1,0,1,0,1,0
52,No,2,1,79,3,19068,18,2,7,15,12,0,0,1,0,1,0,1
32,No,4,3,56,2,3931,11,5,3,1,2,0,0,1,1,0,1,0
32,Yes,1,4,62,3,3730,14,2,2,1,2,0,1,0,0,1,0,1
39,No,1,3,96,3,2232,14,1,2,1,2,0,1,0,1,0,1,0
32,No,26,3,100,4,4465,18,2,2,2,2,0,0,1,0,1,1,0
41,No,19,3,36,1,3072,16,2,0,0,0,0,1,0,0,1,1,0
40,No,24,1,62,4,3319,17,3,8,4,7,0,1,0,0,1,1,0
45,No,1,3,70,4,19202,11,2,0,1,7,0,1,0,0,1,1,0
31,No,3,2,73,3,13675,12,3,2,2,2,0,1,0,0,1,1,0
33,No,5,3,63,4,2911,13,2,2,0,2,0,1,0,1,0,1,0
34,No,2,4,84,1,5957,13,3,9,5,9,0,1,0,0,1,1,0
37,No,1,3,83,1,3920,14,2,1,0,2,0,1,0,1,0,1,0
45,No,7,1,77,3,6434,17,1,2,0,2,0,1,0,0,1,1,0
37,Yes,10,1,61,3,10048,11,5,0,0,0,0,1,0,0,1,1,0
39,No,2,3,64,3,10938,25,1,6,11,8,0,1,0,1,0,1,0
29,No,15,3,60,4,2340,19,1,5,1,5,0,1,0,0,1,1,0
42,No,17,4,82,1,6545,13,1,2,0,2,0,1,0,1,0,0,1
29,No,20,4,45,4,6931,14,2,2,0,2,0,0,1,0,1,1,0
25,No,1,1,62,3,4898,12,3,2,1,2,0,1,0,1,0,1,0
42,No,2,4,56,1,2593,11,4,6,7,8,0,1,0,1,0,0,1
40,No,2,1,49,3,19436,19,5,7,3,9,0,1,0,0,1,1,0
51,No,1,3,96,4,2723,11,0,0,0,0,0,1,0,0,1,1,0
31,Yes,29,3,71,2,3479,11,2,4,1,4,0,1,0,0,1,1,0
32,No,7,2,100,2,2794,20,3,1,0,3,0,1,0,0,1,1,0
38,No,2,4,39,4,5249,18,0,7,7,5,0,0,1,0,1,1,0
32,No,2,4,84,1,2176,13,5,2,0,4,0,1,0,0,1,1,0
46,No,2,3,75,2,16872,12,2,7,7,7,0,0,1,1,0,0,1
28,Yes,2,1,79,3,3485,11,5,0,0,0,0,1,0,0,1,1,0
29,No,2,1,78,2,6644,19,2,0,0,0,0,0,1,0,1,1,0
31,No,23,2,64,4,5582,21,2,0,7,8,0,1,0,0,1,1,0
25,No,5,2,85,1,4000,12,2,3,1,5,0,1,0,0,1,1,0
45,No,20,3,79,4,13496,14,2,7,4,10,0,1,0,0,1,0,1
36,No,6,4,47,4,3210,11,4,13,10,11,0,1,0,0,1,1,0
55,No,1,4,81,1,19045,14,2,10,4,13,0,1,0,0,1,0,1
47,Yes,29,1,88,2,11849,12,2,7,9,9,0,1,0,0,1,0,1
28,No,9,4,94,4,2070,23,3,2,0,4,0,1,0,0,1,1,0
37,No,6,3,98,4,6502,14,5,4,0,1,0,0,1,0,1,1,0
21,No,3,4,100,3,3230,17,4,2,1,0,0,1,0,0,1,1,0
37,No,1,1,80,4,13603,18,2,2,0,2,0,1,0,1,0,0,1
35,No,22,2,71,2,11996,18,6,7,6,2,0,1,0,1,0,1,0
38,No,7,1,44,1,5605,24,3,0,7,7,0,0,1,1,0,0,1
26,No,1,3,84,2,6397,20,6,5,1,4,0,1,0,1,0,1,0
50,No,4,1,96,2,19144,14,4,4,1,6,0,1,0,0,1,1,0
53,No,3,3,45,3,17584,16,5,3,1,3,0,1,0,0,1,0,1
42,No,1,2,99,3,4907,25,3,16,11,6,0,0,1,0,1,1,0
29,No,2,2,44,4,4554,18,3,7,0,9,0,0,1,0,1,1,0
55,No,20,2,37,4,5415,19,4,7,0,8,0,1,0,0,1,0,1
26,No,11,1,60,1,4741,13,3,3,3,3,0,1,0,0,1,0,1
37,No,1,4,42,4,2115,12,3,12,5,7,0,1,0,1,0,1,0
44,Yes,24,4,43,3,3161,22,0,0,0,0,0,1,0,0,1,0,1
38,No,23,4,82,4,5745,14,2,2,1,2,0,1,0,0,1,1,0
26,Yes,16,1,45,2,2373,13,2,2,0,2,0,1,0,0,1,0,1
28,No,8,4,66,4,3310,21,3,3,0,2,0,1,0,1,0,1,0
49,No,10,3,35,1,18665,11,4,2,1,2,0,1,0,1,0,0,1
36,No,3,3,30,2,4485,12,2,0,7,7,0,1,0,0,1,1,0
31,No,5,4,84,2,2789,11,5,2,2,2,0,0,1,1,0,1,0
26,Yes,4,4,48,4,5828,12,0,7,7,4,0,0,1,0,1,0,1
37,No,9,2,53,4,2326,12,3,2,1,2,0,1,0,0,1,0,1
42,No,26,3,77,2,13525,14,2,4,4,8,0,0,1,1,0,1,0
18,Yes,3,3,54,3,1420,13,2,0,0,0,0,1,0,0,1,1,0
35,No,16,3,96,2,8020,15,3,9,6,9,0,0,1,0,1,1,0
36,No,18,3,81,4,3688,18,2,0,0,0,0,1,0,0,1,1,0
51,No,2,4,84,2,5482,18,3,1,1,2,0,1,0,0,1,1,0
41,No,2,4,88,2,16015,19,2,10,0,4,0,0,1,0,1,1,0
18,No,10,4,69,3,1200,12,2,0,0,0,0,0,1,1,0,1,0
28,No,16,2,68,1,5661,19,2,3,0,7,0,1,0,0,1,1,0
31,No,7,2,100,4,6929,11,3,7,7,7,0,0,1,0,1,1,0
39,No,1,3,48,4,9613,17,5,10,3,7,0,1,0,0,1,1,0
36,No,24,2,47,2,5674,15,3,8,0,8,0,1,0,1,0,1,0
32,No,7,4,91,3,5484,14,3,8,4,8,0,0,1,0,1,1,0
38,No,25,1,81,2,12061,17,2,8,0,1,0,1,0,1,0,1,0
58,No,1,4,32,3,5660,13,2,3,1,2,0,1,0,0,1,0,1
31,No,5,3,86,4,4821,12,4,2,0,3,0,1,0,0,1,0,1
31,No,2,1,62,1,6410,12,1,2,1,0,1,0,0,0,1,1,0
45,No,7,1,97,1,5210,18,2,9,9,11,0,1,0,0,1,1,0
31,No,2,3,32,4,2695,18,2,2,2,2,0,1,0,0,1,0,1
33,No,5,4,74,2,11878,11,2,6,8,8,0,1,0,1,0,1,0
39,No,10,3,99,1,17068,14,3,9,11,10,0,1,0,0,1,0,1
43,No,10,3,33,4,2455,19,5,7,1,7,0,1,0,1,0,1,0
49,No,1,3,90,3,13964,12,2,1,0,7,0,1,0,1,0,0,1
52,Yes,8,3,85,2,4941,15,3,2,7,7,0,1,0,0,1,1,0
27,No,5,3,85,2,2478,12,2,3,1,2,0,1,0,1,0,0,1
32,No,8,3,65,2,5228,11,2,12,11,9,0,0,1,1,0,0,1
27,No,2,4,74,3,4478,11,3,4,0,4,0,0,1,0,1,0,1
31,No,7,4,73,4,7547,12,3,7,1,7,0,0,1,0,1,1,0
32,No,2,1,74,4,5055,16,0,7,0,7,0,1,0,1,0,1,0
28,Yes,2,1,84,4,3464,13,4,2,2,2,0,1,0,0,1,0,1
30,No,28,4,64,4,5775,13,2,8,1,9,0,1,0,1,0,1,0
31,No,7,3,48,3,8943,24,2,9,8,9,0,1,0,1,0,1,0
39,No,7,3,54,4,19272,15,2,9,13,3,0,1,0,0,1,1,0
39,Yes,3,4,41,3,5238,18,3,0,0,0,0,0,1,1,0,0,1
33,No,10,2,46,4,4682,14,6,7,0,1,0,0,1,0,1,1,0
47,No,5,4,42,3,18300,11,2,2,1,1,0,1,0,0,1,1,0
43,No,10,3,82,3,5257,11,3,7,0,0,0,1,0,1,0,1,0
27,No,1,3,73,2,6349,13,0,4,1,4,0,0,1,0,1,0,1
54,No,20,4,31,3,4869,12,4,3,0,3,0,1,0,1,0,1,0
43,No,7,3,43,1,9985,16,1,0,0,0,0,1,0,1,0,1,0
45,No,8,4,75,4,3697,14,3,9,9,8,0,1,0,0,1,1,0
40,No,1,2,57,4,7457,22,2,3,0,2,0,0,1,0,1,0,1
29,Yes,8,2,77,1,2119,11,4,7,0,7,0,1,0,0,1,0,1
29,No,9,2,30,4,3983,17,2,2,2,2,0,1,0,0,1,1,0
30,No,5,4,30,3,6118,13,2,9,1,2,0,0,1,1,0,1,0
27,No,8,2,56,2,6214,18,3,7,0,7,0,0,1,1,0,1,0
37,No,5,4,61,4,6347,16,2,2,0,4,0,1,0,0,1,1,0
38,No,15,3,92,4,11510,14,3,10,2,9,0,1,0,0,1,0,1
31,No,7,3,39,4,7143,14,2,9,4,10,0,1,0,1,0,0,1
29,No,10,4,39,2,8268,14,2,7,1,7,0,0,1,1,0,0,1
35,No,5,3,62,2,8095,13,5,6,0,13,0,1,0,0,1,1,0
23,No,26,3,83,4,2904,12,2,2,0,2,0,1,0,0,1,1,0
41,No,6,4,95,2,6032,15,3,4,1,2,0,1,0,0,1,0,1
47,No,4,2,99,3,2976,19,3,0,0,0,0,0,1,0,1,1,0
42,No,23,1,44,4,15992,14,2,0,0,0,0,1,0,1,0,1,0
29,No,2,4,61,3,4649,14,3,3,0,2,0,0,1,0,1,1,0
42,No,2,3,52,3,2696,11,5,2,1,0,1,0,0,0,1,0,1
32,No,2,3,75,2,2370,13,4,0,0,7,0,1,0,1,0,1,0
48,No,29,1,91,3,12504,21,3,0,0,0,0,0,1,1,0,1,0
37,No,6,3,51,1,5974,13,2,7,6,7,0,1,0,0,1,0,1
30,No,25,4,85,3,4736,12,2,2,2,2,0,0,1,1,0,0,1
26,No,1,3,57,3,5296,17,3,7,7,7,0,0,1,0,1,1,0
42,No,2,1,98,4,6781,23,6,0,0,0,0,1,0,0,1,1,0
21,Yes,1,1,99,2,2174,11,3,2,1,2,0,0,1,1,0,0,1
36,No,1,4,45,4,6653,15,6,0,0,0,0,0,1,1,0,1,0
36,No,3,1,48,4,9699,11,2,9,1,12,0,0,1,0,1,1,0
57,No,1,4,88,3,6755,11,2,2,1,2,0,1,0,0,1,1,0
40,No,10,4,46,3,2213,13,3,7,1,7,0,1,0,1,0,0,1
21,No,9,1,39,4,2610,24,3,2,2,2,0,0,1,0,1,1,0
33,Yes,5,4,34,3,2851,13,2,0,0,0,0,0,1,1,0,0,1
37,No,10,3,98,1,3452,20,3,4,0,3,0,1,0,1,0,1,0
46,No,7,3,30,3,5258,14,2,0,0,0,0,1,0,1,0,1,0
41,Yes,4,1,56,2,9355,18,5,7,7,7,0,0,1,0,1,1,0
50,No,10,4,100,4,10496,15,2,3,1,3,0,1,0,0,1,1,0
40,Yes,22,3,68,3,6380,12,6,4,1,0,0,0,1,0,1,0,1
31,No,9,3,42,2,2657,16,5,2,2,2,0,1,0,0,1,0,1
21,Yes,12,3,90,2,2716,15,0,0,0,0,0,0,1,1,0,1,0
29,No,23,4,54,4,2201,16,4,2,1,2,0,1,0,0,1,1,0
35,No,9,3,97,2,6540,19,5,1,0,0,0,1,0,0,1,1,0
27,No,1,4,82,2,3816,11,2,2,0,4,0,1,0,0,1,1,0
28,No,9,2,92,4,5253,16,1,5,0,7,0,0,1,0,1,1,0
49,No,7,2,31,3,10965,24,2,2,0,0,0,1,0,0,1,1,0
51,No,14,3,87,4,4936,11,2,7,0,7,0,0,1,1,0,1,0
36,No,2,4,96,3,2543,13,3,2,2,2,0,1,0,1,0,1,0
34,Yes,19,1,67,4,5304,13,3,2,0,4,0,0,1,0,1,0,1
55,No,2,3,97,4,16659,13,2,4,1,2,0,1,0,1,0,0,1
24,No,10,4,77,3,4260,12,2,2,0,3,0,0,1,1,0,0,1
30,No,2,3,72,2,2476,18,3,0,0,0,0,0,1,0,1,1,0
26,Yes,3,3,73,1,3102,22,2,4,0,4,0,1,0,0,1,1,0
22,No,11,1,43,2,2244,13,1,1,1,2,0,1,0,1,0,1,0
36,No,2,2,61,3,7596,13,2,9,9,0,0,0,1,0,1,1,0
30,Yes,4,3,40,4,2285,23,4,0,0,0,0,1,0,0,1,0,1
37,No,14,4,95,1,3034,12,2,7,12,17,0,1,0,1,0,1,0
40,No,2,4,46,2,5715,12,5,4,1,3,0,0,1,1,0,1,0
42,No,1,2,95,1,2576,16,5,2,1,2,0,1,0,1,0,1,0
37,No,10,3,49,2,4197,12,2,0,0,1,0,1,0,0,1,0,1
43,No,12,1,59,2,14336,11,3,10,3,9,0,1,0,0,1,1,0
40,No,2,2,78,3,3448,22,3,0,0,0,0,1,0,1,0,1,0
54,No,5,1,86,1,19406,11,4,2,1,2,0,1,0,0,1,1,0
34,No,4,3,72,3,6538,15,3,2,1,2,0,0,1,1,0,1,0
31,No,7,2,31,1,4306,12,5,10,3,12,0,1,0,1,0,1,0
43,No,21,4,61,4,2258,20,1,2,1,2,0,1,0,0,1,1,0
43,No,8,3,74,3,4522,14,3,2,0,2,0,1,0,1,0,0,1
25,No,4,2,99,4,4487,11,3,4,1,3,0,0,1,1,0,0,1
37,No,25,2,72,3,4449,15,2,11,10,7,0,1,0,1,0,0,1
31,No,1,4,98,1,2218,12,3,2,3,2,0,1,0,0,1,1,0
39,No,1,2,52,3,19197,14,3,8,1,6,0,1,0,0,1,0,1
56,No,6,3,86,1,13212,11,0,7,7,7,0,0,1,1,0,1,0
30,No,12,2,83,3,6577,11,6,4,4,4,0,0,1,1,0,1,0
41,No,1,2,49,1,8392,16,2,7,0,7,0,0,1,0,1,1,0
28,No,17,3,79,1,4558,12,2,0,1,8,0,1,0,0,1,1,0
25,Yes,3,1,91,1,4031,13,5,2,0,2,0,1,0,0,1,1,0
52,No,3,4,39,3,7969,14,4,4,0,4,0,1,0,0,1,0,1
45,No,10,1,69,4,2654,21,3,2,0,2,0,1,0,0,1,1,0
52,No,4,4,30,4,16555,13,2,2,1,4,0,1,0,1,0,1,0
42,No,29,1,92,3,4556,11,3,4,0,2,0,1,0,1,0,1,0
30,No,2,3,43,4,6091,20,2,4,0,2,0,1,0,1,0,1,0
60,No,7,1,41,1,19566,11,5,8,11,10,0,1,0,1,0,1,0
46,No,18,3,87,3,4810,14,5,7,0,8,0,1,0,1,0,1,0
42,No,28,4,88,4,4523,11,4,5,0,4,0,1,0,1,0,1,0
24,Yes,1,1,62,2,3202,16,4,3,1,4,0,0,1,1,0,0,1
34,Yes,6,4,33,3,2351,16,3,2,1,0,0,0,1,1,0,1,0
38,No,2,4,42,4,1702,23,3,0,0,0,0,1,0,0,1,0,1
40,No,2,3,79,3,18041,14,2,15,1,12,0,0,1,1,0,1,0
26,No,23,1,90,4,2886,22,3,2,0,2,0,1,0,1,0,1,0
30,No,3,3,53,4,2097,15,3,3,1,4,0,1,0,0,1,1,0
29,No,3,2,93,3,11935,18,2,2,0,7,0,1,0,0,1,1,0
29,Yes,25,3,71,2,2546,16,2,2,1,1,0,1,0,1,0,1,0
19,Yes,2,1,52,4,2564,12,3,0,0,0,1,0,0,0,1,1,0
30,No,22,3,69,1,8412,11,3,8,7,8,0,0,1,1,0,1,0
57,No,29,1,56,4,14118,12,3,0,0,0,0,0,1,0,1,1,0
50,No,29,2,88,3,17046,15,2,10,15,7,0,1,0,0,1,1,0
30,No,2,3,49,4,2564,14,2,7,6,7,0,1,0,1,0,1,0
60,No,28,3,80,1,10266,19,5,13,13,11,0,0,1,1,0,1,0
47,No,2,1,65,4,5070,13,2,0,0,4,0,1,0,1,0,1,0
46,No,2,1,51,3,17861,13,2,2,0,1,0,1,0,0,1,1,0
35,No,22,4,46,3,4230,15,2,4,4,3,0,1,0,0,1,1,0
54,No,8,3,42,3,3780,11,3,0,0,0,0,1,0,1,0,1,0
34,No,2,4,62,3,2768,12,3,3,5,7,0,1,0,0,1,1,0
46,No,10,3,94,4,9071,19,3,2,1,2,0,0,1,1,0,0,1
31,No,9,3,33,2,10648,25,6,8,0,8,0,1,0,0,1,1,0
33,Yes,15,2,56,3,13610,12,2,6,7,7,0,1,0,0,1,0,1
33,Yes,10,1,38,4,3408,13,2,3,1,3,0,1,0,0,1,1,0
30,No,7,4,57,2,2983,14,3,2,1,2,0,0,1,0,1,1,0
35,No,16,4,72,3,7632,12,2,7,0,0,0,1,0,0,1,0,1
31,Yes,20,1,66,3,9824,12,2,0,0,0,0,1,0,0,1,1,0
34,Yes,23,2,43,1,9950,15,2,2,0,2,1,0,0,1,0,0,1
42,No,5,2,97,3,2093,17,4,2,2,0,0,1,0,0,1,1,0
36,No,10,2,32,4,9980,14,3,3,9,7,0,0,1,0,1,1,0
22,Yes,4,3,99,3,3894,16,3,2,1,2,0,1,0,0,1,1,0
48,No,2,2,37,4,4051,14,2,7,6,7,0,0,1,1,0,1,0
55,No,18,1,83,2,16835,23,2,9,7,7,0,0,1,1,0,1,0
41,No,10,4,56,4,6230,14,3,3,1,10,0,0,1,0,1,1,0
35,No,1,2,85,3,4717,11,2,9,6,9,0,0,1,0,1,1,0
40,No,6,2,75,3,13237,15,3,6,5,13,0,1,0,1,0,1,0
39,No,8,3,48,3,3755,11,3,3,0,7,0,1,0,1,0,1,0
31,No,2,2,77,4,6582,13,2,5,0,5,0,0,1,0,1,0,1
42,No,24,4,56,1,7406,21,5,9,5,8,0,1,0,0,1,0,1
45,No,2,4,61,2,4805,19,3,7,3,7,0,0,1,0,1,1,0
26,Yes,17,2,58,3,2741,11,2,7,1,0,1,0,0,1,0,0,1
29,No,19,4,34,4,4262,12,2,2,1,2,0,1,0,0,1,1,0
33,No,1,1,95,3,16184,19,2,1,0,5,0,1,0,1,0,1,0
31,No,7,3,44,4,11557,21,3,4,0,1,0,0,1,0,1,1,0
18,Yes,5,2,69,2,1878,14,3,0,0,0,0,0,1,0,1,0,1
40,No,28,3,58,1,10932,15,2,0,0,1,0,0,1,0,1,1,0
41,No,2,1,62,3,6811,17,3,7,0,7,0,1,0,1,0,0,1
26,No,29,1,45,3,4306,12,5,0,0,0,0,0,1,0,1,1,0
35,No,1,1,80,3,4859,16,3,4,0,3,0,0,1,1,0,1,0
34,No,21,4,74,4,5337,12,3,7,5,7,0,0,1,0,1,1,0
26,Yes,24,3,66,4,2340,18,3,0,0,0,0,1,0,0,1,0,1
37,No,1,2,59,4,7491,17,3,5,1,2,0,1,0,1,0,1,0
46,No,18,1,86,3,10527,11,3,2,1,2,0,1,0,1,0,1,0
41,No,2,2,91,1,16595,16,2,16,11,8,0,0,1,1,0,1,0
37,No,9,1,69,2,8834,13,6,5,7,7,0,0,1,0,1,1,0
52,No,6,4,78,1,5577,12,3,9,6,9,0,1,0,0,1,0,1
32,Yes,11,4,60,3,4707,12,2,2,1,2,0,0,1,0,1,1,0
24,No,24,4,38,4,2400,13,3,2,2,1,0,0,1,0,1,1,0
38,No,10,3,76,3,9824,19,4,0,0,0,0,1,0,1,0,1,0
37,No,1,2,65,2,6447,12,2,5,4,3,0,1,0,1,0,1,0
49,No,18,4,58,3,19502,17,5,9,0,9,0,1,0,0,1,0,1
24,No,23,2,89,4,2725,11,3,5,1,4,0,1,0,0,1,0,1
26,No,28,1,66,2,6272,20,5,3,1,4,0,0,1,0,1,1,0
24,No,17,4,94,2,2127,21,2,0,0,0,0,1,0,0,1,1,0
50,No,3,1,99,2,18200,11,2,5,10,7,1,0,0,0,1,1,0
25,No,13,2,40,3,2096,11,1,4,0,6,0,0,1,0,1,1,0
24,Yes,7,1,55,3,2886,16,4,3,1,2,0,1,0,1,0,0,1
30,Yes,12,2,74,1,2033,18,2,0,0,0,0,0,1,0,1,1,0
34,No,1,2,83,4,3622,13,3,5,1,3,0,1,0,0,1,0,1
31,Yes,13,2,46,1,4233,17,2,1,1,2,0,0,1,0,1,1,0
35,No,25,1,54,4,3681,14,3,2,0,2,0,1,0,0,1,1,0
31,No,6,1,66,4,5460,22,4,7,5,7,0,0,1,0,1,1,0
27,No,6,1,66,3,2187,12,5,3,0,3,0,1,0,1,0,1,0
37,No,2,4,75,3,9602,11,3,0,1,0,0,0,1,0,1,0,1
20,No,1,4,83,2,2836,13,0,0,0,0,0,1,0,1,0,1,0
42,No,2,3,81,4,4089,13,4,2,2,2,0,1,0,1,0,1,0
43,No,6,2,50,4,16627,14,3,0,0,0,0,1,0,0,1,0,1
38,No,1,3,43,1,2619,17,3,0,0,0,0,1,0,1,0,1,0
43,No,9,4,72,3,5679,13,3,7,4,7,0,1,0,0,1,0,1
48,No,1,4,40,1,15402,11,3,2,0,2,0,1,0,1,0,1,0
44,No,1,1,50,3,5985,11,1,2,0,2,1,0,0,1,0,1,0
34,No,14,3,31,3,2579,18,3,2,0,6,0,0,1,1,0,0,1
27,Yes,2,3,85,1,3041,11,3,3,0,2,0,0,1,0,1,1,0
21,No,22,3,49,3,3447,11,2,2,1,2,0,0,1,0,1,1,0
44,No,3,4,35,4,19513,12,2,2,0,1,0,1,0,0,1,0,1
22,No,6,1,69,3,2773,20,3,2,2,2,0,1,0,0,1,1,0
33,No,8,3,39,3,7104,12,3,0,1,2,0,0,1,0,1,1,0
32,No,9,1,92,4,6322,12,2,4,0,5,0,1,0,1,0,0,1
30,No,3,3,71,3,2083,20,2,0,0,0,0,1,0,1,0,1,0
53,No,1,4,34,1,8381,20,2,7,8,10,0,0,1,1,0,1,0
34,No,1,2,42,4,2691,12,4,9,8,8,0,1,0,0,1,1,0
45,Yes,26,1,100,1,4286,14,4,1,0,0,0,0,1,1,0,1,0
26,No,6,3,71,4,2659,13,2,2,0,2,0,1,0,1,0,0,1
37,No,3,3,36,3,9434,15,2,7,7,8,0,1,0,0,1,1,0
29,No,3,2,62,3,5561,14,5,0,1,2,0,0,1,1,0,1,0
35,No,6,2,82,4,6646,13,3,11,11,8,0,1,0,0,1,1,0
33,No,6,3,30,4,7725,23,2,11,4,7,0,1,0,0,1,1,0
54,No,19,3,88,2,10725,15,1,7,7,1,1,0,0,0,1,1,0
36,No,9,2,48,2,8847,11,2,2,0,2,0,1,0,0,1,0,1
27,No,3,1,54,4,2045,13,0,2,1,1,0,1,0,0,1,1,0
20,Yes,10,4,32,3,1009,11,5,0,1,1,0,1,0,0,1,0,1
33,Yes,3,1,70,1,3348,11,3,8,9,7,0,1,0,0,1,0,1
35,No,3,3,41,3,1281,18,3,0,0,0,0,1,0,0,1,1,0
23,No,4,1,58,1,2819,16,3,2,0,2,0,1,0,0,1,1,0
25,No,8,4,57,2,4851,22,4,2,1,2,0,0,1,0,1,1,0
38,No,7,4,46,4,4028,20,2,7,0,5,0,0,1,1,0,1,0
29,No,1,2,76,4,2720,18,5,7,2,8,0,1,0,0,1,1,0
48,No,2,2,56,2,8120,12,3,2,2,2,0,0,1,0,1,1,0
27,No,3,4,71,4,4647,20,3,5,0,4,0,0,1,1,0,0,1
37,No,10,4,80,4,4680,17,2,0,0,0,0,1,0,0,1,1,0
50,No,28,4,74,3,3221,11,3,8,3,8,0,1,0,0,1,0,1
34,No,9,4,46,2,8621,14,3,7,7,7,0,1,0,1,0,1,0
24,Yes,3,1,65,3,4577,14,3,2,2,0,0,0,1,1,0,1,0
39,No,2,4,80,3,4553,11,4,7,11,10,0,1,0,1,0,1,0
32,No,10,4,55,4,5396,12,2,7,0,8,0,0,1,0,1,1,0
50,Yes,8,2,50,3,6796,14,4,3,1,3,0,0,1,0,1,0,1
38,No,1,2,33,4,7625,13,4,7,1,8,0,1,0,1,0,1,0
27,No,1,3,68,1,7412,11,3,7,0,7,0,1,0,1,0,1,0
32,No,3,3,39,4,11159,15,6,7,7,7,0,1,0,1,0,1,0
47,No,14,4,42,1,4960,12,2,7,1,7,0,0,1,0,1,1,0
40,No,5,4,48,1,10475,21,2,13,1,12,0,0,1,0,1,0,1
53,No,7,3,59,3,14814,19,3,1,1,3,0,1,0,0,1,1,0
41,No,10,2,73,4,19141,15,2,6,12,6,1,0,0,0,1,1,0
60,No,16,1,84,1,5405,14,1,2,2,2,0,0,1,0,1,1,0
27,No,10,4,32,1,8793,21,4,7,1,7,0,1,0,0,1,1,0
41,No,1,4,59,3,19189,12,3,7,2,10,1,0,0,0,1,1,0
50,No,8,4,54,2,3875,15,2,2,2,2,0,0,1,0,1,1,0
28,Yes,1,1,67,2,2216,13,4,7,3,7,0,1,0,1,0,0,1
36,No,8,1,63,1,11713,14,2,7,0,5,0,1,0,1,0,1,0
38,No,1,3,81,3,7861,14,4,0,0,0,0,1,0,1,0,0,1
44,No,24,1,49,3,3708,14,5,2,1,4,0,1,0,0,1,1,0
47,No,3,4,49,3,13770,12,2,2,11,13,0,0,1,1,0,0,1
30,No,27,3,99,4,5304,23,2,7,7,7,0,0,1,0,1,1,0
29,No,10,3,99,3,2642,11,6,0,0,0,0,0,1,0,1,1,0
42,Yes,19,3,57,3,2759,12,2,2,2,2,0,1,0,0,1,0,1
43,No,15,4,47,4,6804,18,5,2,2,2,0,0,1,0,1,1,0
34,No,8,2,96,3,6142,11,2,1,4,3,0,1,0,1,0,1,0
23,No,9,2,37,1,2500,14,2,3,0,2,0,1,0,0,1,1,0
39,No,3,3,44,2,6389,15,3,3,3,6,1,0,0,1,0,1,0
56,No,9,3,81,4,11103,11,1,7,1,1,0,1,0,0,1,1,0
40,No,2,4,86,4,2342,20,2,2,2,3,0,1,0,1,0,0,1
27,No,7,4,55,1,6811,19,2,6,0,7,0,1,0,1,0,1,0
29,No,10,4,83,2,2297,14,2,2,2,2,0,0,1,0,1,1,0
53,No,6,4,86,4,2450,17,4,2,2,2,0,1,0,0,1,1,0
35,No,2,4,61,1,5093,11,2,0,0,0,0,1,0,1,0,1,0
32,No,24,1,80,4,5309,15,2,8,4,7,0,1,0,0,1,1,0
38,No,2,4,92,3,3057,13,0,0,0,1,0,1,0,0,1,0,1
34,No,8,2,32,1,5121,14,3,0,0,0,0,1,0,1,0,1,0
52,No,3,3,31,1,16856,11,3,6,1,16,0,0,1,0,1,1,0
33,Yes,1,4,63,4,2686,13,2,9,7,8,0,1,0,0,1,0,1
25,No,26,3,32,4,6180,23,5,5,1,4,0,0,1,1,0,1,0
45,No,2,2,46,3,6632,13,3,7,3,1,0,0,1,0,1,1,0
23,No,10,1,79,3,3505,18,3,2,0,2,0,1,0,0,1,1,0
47,Yes,27,2,77,3,6397,12,2,4,1,3,0,0,1,1,0,0,1
34,No,2,4,60,4,6274,22,5,5,1,4,0,0,1,0,1,1,0
55,Yes,2,4,78,1,19859,13,2,2,1,4,0,1,0,0,1,0,1
36,No,8,1,76,1,7587,15,1,7,0,9,0,0,1,0,1,1,0
52,No,19,4,41,4,4258,18,3,3,1,2,0,1,0,0,1,1,0
26,No,1,1,71,4,4364,14,2,2,2,0,0,1,0,1,0,1,0
29,No,27,2,66,3,4335,12,3,7,1,1,0,1,0,1,0,1,0
26,Yes,8,4,38,1,5326,17,2,3,1,2,0,0,1,0,1,1,0
34,No,1,2,72,4,3280,16,2,2,1,3,0,1,0,1,0,1,0
54,No,19,4,95,1,5485,11,4,3,1,4,0,1,0,1,0,0,1
27,No,8,3,84,4,4342,19,3,2,1,1,0,0,1,0,1,1,0
37,No,10,4,82,1,2782,13,3,3,4,3,0,1,0,1,0,0,1
38,No,2,1,75,1,5980,12,2,7,4,12,0,1,0,1,0,0,1
34,No,2,3,86,1,4381,11,3,5,1,3,0,1,0,1,0,1,0
35,No,8,1,72,4,2572,16,1,2,0,2,0,0,1,1,0,1,0
30,No,1,4,38,3,3833,21,2,2,0,2,0,1,0,0,1,1,0
40,No,2,3,38,2,4244,24,2,7,3,7,0,1,0,1,0,1,0
34,No,8,3,93,1,6500,17,1,2,1,2,0,0,1,1,0,1,0
42,No,8,2,66,4,18430,13,4,7,14,9,0,1,0,0,1,1,0
23,Yes,6,3,63,1,1601,21,2,0,0,0,0,1,0,0,1,0,1
24,No,9,3,60,2,2694,11,4,0,0,0,0,1,0,0,1,1,0
52,No,11,4,82,3,3149,20,3,2,1,4,0,1,0,1,0,1,0
50,No,2,3,64,3,17639,16,3,3,0,3,0,1,0,0,1,1,0
29,Yes,1,2,36,1,2319,11,1,0,0,0,0,1,0,1,0,0,1
33,No,7,3,49,3,11691,11,3,9,3,7,0,1,0,0,1,1,0
33,Yes,16,1,69,1,5324,15,3,2,0,2,0,0,1,1,0,1,0
47,No,2,3,33,4,16752,11,3,14,3,0,0,1,0,1,0,0,1
36,No,1,3,35,2,5228,15,2,7,0,5,0,1,0,1,0,1,0
29,No,23,3,81,3,2700,24,3,7,0,7,0,1,0,0,1,1,0
58,Yes,2,4,31,2,19246,12,2,15,13,8,0,1,0,0,1,0,1
35,No,1,4,40,3,2506,13,0,2,2,2,0,1,0,1,0,1,0
42,No,1,4,43,4,6062,13,4,3,0,2,0,1,0,1,0,0,1
28,Yes,2,3,46,3,4382,17,3,2,2,1,0,1,0,0,1,1,0
36,No,13,3,36,2,2143,13,2,2,0,4,1,0,0,0,1,1,0
32,No,4,3,98,3,6162,12,3,13,6,8,0,1,0,1,0,1,0
40,No,16,1,51,3,5094,14,6,0,0,0,0,1,0,0,1,1,0
30,No,2,3,52,4,6877,24,4,0,0,0,0,1,0,1,0,0,1
45,No,2,2,95,3,2274,14,3,0,0,0,0,1,0,1,0,1,0
42,No,29,2,98,2,4434,13,3,8,7,8,0,1,0,0,1,1,0
38,No,12,1,45,1,6288,15,3,3,1,2,0,1,0,0,1,1,0
34,No,16,3,100,4,2553,16,3,2,1,3,0,1,0,1,0,1,0
49,Yes,11,3,43,4,7654,18,3,8,7,7,0,0,1,1,0,1,0
55,Yes,2,3,37,4,5160,16,3,7,7,3,0,0,1,0,1,1,0
43,No,14,2,94,1,17159,24,3,1,1,0,0,1,0,0,1,1,0
27,No,5,3,42,4,12808,16,3,8,0,8,0,1,0,0,1,0,1
35,No,7,3,59,3,10221,21,3,5,1,6,0,1,0,0,1,1,0
28,No,2,2,81,2,4779,20,2,7,7,5,0,0,1,1,0,0,1
34,No,3,3,88,4,3737,19,1,2,0,2,1,0,0,0,1,1,0
26,Yes,5,3,88,3,2366,14,2,7,1,7,0,1,0,1,0,0,1
27,No,3,4,50,4,1706,11,6,0,0,0,0,1,0,0,1,1,0
51,No,26,1,66,3,16307,14,2,6,4,17,0,0,1,1,0,1,0
44,No,4,4,50,2,5933,12,2,2,2,3,0,1,0,0,1,1,0
25,No,2,1,65,1,3424,13,3,3,0,1,0,1,0,0,1,1,0
33,No,1,1,48,1,4037,22,5,8,0,8,0,0,1,0,1,1,0
35,No,27,3,53,1,2559,11,3,5,1,1,0,1,0,1,0,1,0
36,No,1,2,56,4,6201,14,1,14,4,11,0,0,1,0,1,0,1
32,No,13,2,73,4,4403,11,3,2,0,3,0,0,1,0,1,1,0
30,No,5,2,75,4,3761,12,3,4,0,3,0,1,0,0,1,1,0
53,No,7,1,78,4,10934,18,3,2,0,4,0,0,1,1,0,0,1
45,No,9,4,74,1,10761,12,2,4,0,2,0,0,1,0,1,0,1
32,No,8,3,91,3,5175,12,3,3,1,3,0,1,0,1,0,1,0
52,No,25,3,81,4,13826,22,3,8,0,0,0,1,0,1,0,1,0
37,No,16,4,66,3,6334,19,2,0,0,0,0,0,1,0,1,1,0
28,No,8,2,63,4,4936,13,6,1,0,4,1,0,0,0,1,1,0
22,No,1,4,33,4,4775,22,2,2,2,2,0,1,0,0,1,1,0
44,No,8,1,62,4,2818,24,2,2,0,2,0,1,0,0,1,0,1
42,No,2,2,35,4,2515,14,2,1,2,2,0,1,0,0,1,0,1
36,No,8,1,77,1,2342,21,3,4,0,3,1,0,0,0,1,1,0
25,No,3,3,98,1,4194,18,3,3,0,3,0,0,1,0,1,0,1
35,No,9,4,66,3,10685,20,2,14,5,15,0,1,0,1,0,0,1
35,Yes,25,4,96,2,2022,19,3,2,7,8,0,1,0,1,0,0,1
32,No,1,4,61,4,2314,12,2,0,0,2,0,1,0,0,1,1,0
25,No,4,3,87,1,4256,12,1,2,0,3,0,0,1,0,1,1,0
49,No,1,3,36,1,3580,16,2,2,0,2,0,1,0,1,0,1,0
24,No,4,1,46,4,3162,17,2,2,3,4,0,1,0,0,1,1,0
32,No,5,2,48,2,6524,14,3,8,5,3,0,0,1,0,1,1,0
38,No,9,2,98,2,2899,19,3,2,1,2,0,0,1,0,1,1,0
42,No,3,3,95,4,5231,13,1,3,1,3,0,1,0,1,0,0,1
31,No,11,4,48,4,2356,19,2,4,0,2,0,1,0,0,1,0,1
29,Yes,1,2,48,3,2800,19,3,2,0,2,0,0,1,1,0,0,1
53,No,8,1,73,4,11836,14,3,0,2,2,0,0,1,0,1,1,0
35,No,25,4,78,2,10903,16,2,10,4,8,0,1,0,0,1,1,0
37,No,21,3,54,4,2973,15,3,4,0,0,0,0,1,1,0,1,0
53,No,23,4,72,4,14275,18,0,9,3,8,0,1,0,1,0,1,0
43,No,1,4,33,4,5562,13,2,2,2,2,0,1,0,1,0,1,0
47,No,2,3,35,4,4537,22,2,6,7,7,0,0,1,1,0,0,1
37,No,19,1,32,2,7642,13,2,0,0,9,0,0,1,0,1,0,1
50,No,2,1,98,1,17924,11,3,6,14,7,0,1,0,0,1,1,0
39,No,2,4,42,4,5204,11,2,4,0,4,1,0,0,1,0,1,0
33,No,3,4,57,2,2277,11,4,3,0,3,1,0,0,0,1,0,1
32,Yes,25,1,87,4,2795,24,2,0,0,1,0,1,0,0,1,0,1
29,No,7,1,62,4,2532,14,5,3,0,3,0,1,0,1,0,1,0
44,No,9,2,61,1,2559,13,0,7,7,1,0,1,0,0,1,0,1
28,No,5,1,98,4,4908,14,3,2,0,2,0,0,1,0,1,1,0
58,Yes,2,4,57,4,2380,14,3,0,0,0,0,1,0,0,1,0,1
43,No,8,1,55,2,4765,21,2,0,0,0,0,1,0,1,0,1,0
20,Yes,2,3,49,3,2044,13,3,2,0,2,0,0,1,1,0,1,0
21,Yes,18,4,65,4,2693,19,3,0,0,0,0,1,0,1,0,1,0
36,No,14,3,68,4,6586,17,2,8,4,11,0,1,0,0,1,0,1
47,No,2,4,65,4,3294,18,3,2,1,2,0,0,1,1,0,0,1
22,Yes,3,2,34,3,4171,19,3,2,0,2,0,1,0,1,0,0,1
41,Yes,2,2,57,4,2778,13,1,7,1,0,0,1,0,1,0,0,1
28,No,9,3,77,3,2377,18,2,2,2,2,0,1,0,1,0,1,0
39,Yes,6,4,70,1,2404,21,2,2,2,2,0,1,0,0,1,0,1
27,No,4,2,76,3,2318,19,2,1,0,0,0,1,0,1,0,1,0
34,No,10,2,83,2,2008,14,3,0,1,0,0,1,0,0,1,1,0
42,No,14,3,68,3,6244,17,6,4,0,3,0,0,1,1,0,1,0
33,No,1,3,100,1,2799,11,1,2,0,2,0,1,0,0,1,0,1
58,No,5,3,37,2,10552,13,3,0,0,4,0,1,0,1,0,0,1
31,No,7,2,41,3,2329,15,2,7,5,2,0,0,1,0,1,1,0
35,No,21,4,51,4,4014,25,2,6,0,7,0,1,0,1,0,0,1
49,No,8,1,51,2,7403,11,3,9,1,7,0,1,0,1,0,1,0
48,No,20,4,51,3,2259,17,2,0,0,0,0,1,0,0,1,1,0
31,No,20,4,45,3,6932,13,2,8,0,0,0,0,1,1,0,1,0
36,No,7,2,65,4,4678,18,6,2,0,1,0,1,0,0,1,1,0
38,No,1,4,80,1,13582,13,3,12,5,11,0,1,0,1,0,1,0
32,No,1,3,70,2,2332,20,3,0,0,2,0,1,0,1,0,1,0
25,Yes,19,3,36,2,2413,18,2,0,0,0,0,0,1,0,1,0,1
40,No,10,1,67,2,9705,12,2,0,0,0,0,0,1,0,1,1,0
26,No,1,3,52,1,4294,12,2,7,0,7,0,0,1,0,1,1,0
41,No,6,4,59,1,4721,13,3,13,2,17,0,1,0,0,1,0,1
36,No,2,3,79,3,2519,21,6,8,3,9,0,1,0,0,1,1,0
19,Yes,21,4,37,2,2121,13,3,0,0,0,0,0,1,0,1,0,1
20,Yes,4,1,84,1,2973,19,2,0,0,0,0,1,0,0,1,1,0
31,No,12,4,41,4,5855,11,2,7,8,5,0,1,0,1,0,0,1
40,No,9,4,35,2,3617,14,2,1,0,0,0,1,0,0,1,0,1
32,No,3,3,93,1,6725,12,2,7,6,3,0,1,0,1,0,1,0
36,Yes,3,3,51,4,10325,11,6,7,3,7,0,0,1,0,1,0,1
33,No,1,2,42,4,6949,14,3,0,1,4,0,1,0,1,0,1,0
37,Yes,1,1,46,3,10609,11,2,1,11,7,0,0,1,0,1,1,0
45,No,4,3,57,2,4447,12,5,7,0,8,0,1,0,0,1,1,0
29,No,20,3,84,4,2157,15,5,1,0,2,0,0,1,1,0,1,0
35,No,18,3,86,3,4601,16,3,2,1,0,0,0,1,1,0,1,0
52,No,1,4,70,4,17099,15,2,8,7,8,0,1,0,0,1,1,0
58,Yes,2,4,51,3,2479,24,4,0,0,0,0,1,0,0,1,1,0
53,No,2,3,45,3,14852,13,3,13,15,2,0,0,1,0,1,1,0
30,No,8,3,62,3,7264,11,2,4,7,7,0,0,1,0,1,1,0
38,No,10,3,85,4,5666,13,1,3,1,3,0,0,1,1,0,0,1
35,No,3,4,92,4,7823,13,2,9,0,8,0,0,1,0,1,1,0
39,No,2,1,41,3,7880,18,3,7,0,7,0,0,1,0,1,1,0
40,Yes,24,2,100,2,13194,16,2,0,0,0,0,0,1,1,0,0,1
47,No,16,3,64,3,5067,19,3,10,2,7,0,1,0,0,1,0,1
36,No,8,1,84,4,5079,13,3,7,0,7,0,0,1,0,1,1,0
31,Yes,9,3,46,1,2321,22,0,2,1,2,0,1,0,0,1,0,1
33,No,17,4,38,3,17444,11,2,8,6,0,0,0,1,0,1,1,0
29,Yes,10,4,92,1,2404,20,5,0,0,0,0,1,0,1,0,0,1
33,No,13,2,53,4,3452,18,4,2,0,2,0,1,0,1,0,1,0
45,No,1,4,91,4,2270,14,2,3,0,2,0,1,0,1,0,1,0
50,No,1,4,66,4,17399,22,1,4,1,3,0,1,0,0,1,1,0
33,No,1,3,84,2,5488,13,2,5,1,2,0,1,0,1,0,0,1
41,No,9,1,64,3,19419,17,2,16,0,11,0,1,0,0,1,1,0
27,No,16,3,37,2,2811,14,2,2,2,2,0,1,0,1,0,1,0
45,No,23,4,42,1,3633,15,2,8,0,8,0,1,0,0,1,0,1
47,No,4,4,83,4,4163,17,0,0,0,7,0,0,1,1,0,0,1
30,Yes,22,1,48,3,2132,11,2,2,0,1,0,1,0,1,0,0,1
50,No,24,4,95,3,13973,18,2,11,1,5,0,1,0,0,1,0,1
38,No,10,3,66,3,2684,17,0,1,0,2,0,1,0,0,1,1,0
46,No,7,4,75,3,10845,13,3,7,0,7,0,1,0,0,1,1,0
24,No,17,4,41,3,4377,15,6,2,3,2,0,1,0,1,0,1,0
35,Yes,14,3,39,2,3743,24,2,2,0,2,0,1,0,0,1,0,1
31,No,1,3,96,1,4148,12,1,3,0,3,0,1,0,1,0,1,0
18,No,5,2,73,4,1051,15,2,0,0,0,0,1,0,0,1,1,0
54,No,17,3,56,3,10739,11,2,7,0,8,0,1,0,1,0,1,0
35,No,25,3,57,3,10388,11,3,10,10,1,0,1,0,1,0,0,1
30,No,8,2,73,1,11416,12,4,7,1,7,0,1,0,1,0,0,1
20,Yes,11,4,98,1,2600,15,2,0,0,0,0,1,0,1,0,0,1
30,Yes,5,2,60,2,2422,17,3,2,1,2,0,1,0,1,0,1,0
26,No,2,4,32,4,5472,12,2,7,1,3,0,1,0,0,1,1,0
22,No,8,2,94,1,2451,15,3,3,1,1,0,1,0,0,1,1,0
48,No,6,1,97,3,4240,13,0,2,2,2,0,1,0,0,1,1,0
48,No,4,3,78,3,10999,14,3,11,4,8,0,1,0,0,1,1,0
41,No,7,4,42,3,5003,14,6,2,2,1,0,1,0,1,0,1,0
39,No,1,4,65,4,12742,16,3,6,11,8,0,1,0,1,0,1,0
27,No,2,1,47,4,4227,18,2,2,2,2,0,1,0,1,0,1,0
35,No,10,2,45,4,3917,20,4,2,1,2,0,1,0,0,1,1,0
42,No,5,4,90,3,18303,13,3,0,0,0,0,0,1,0,1,1,0
50,No,9,1,64,4,2380,18,5,0,0,0,0,1,0,0,1,1,0
59,No,2,3,69,4,13726,13,4,3,4,3,0,1,0,1,0,0,1
37,Yes,11,1,61,2,4777,15,2,0,0,0,0,1,0,1,0,1,0
55,No,18,3,62,2,6385,14,3,7,6,7,0,1,0,0,1,0,1
41,No,7,2,55,3,19973,22,3,16,5,10,0,1,0,1,0,1,0
38,No,3,2,42,4,6861,12,1,0,0,0,0,0,1,0,1,0,1
26,Yes,29,2,79,1,4969,18,6,2,2,2,0,0,1,0,1,1,0
52,Yes,2,1,57,4,19845,15,3,14,6,9,0,0,1,1,0,1,0
44,No,28,4,53,4,13320,18,2,11,11,11,0,0,1,1,0,0,1
50,No,1,4,95,3,6347,12,3,7,0,13,0,0,1,1,0,1,0
36,Yes,16,3,43,1,2743,16,1,13,15,14,0,1,0,1,0,1,0
39,No,22,4,82,1,10880,13,2,6,2,8,0,1,0,1,0,0,1
33,No,8,2,88,4,2342,19,2,2,2,2,0,0,1,1,0,1,0
45,No,11,4,90,4,17650,13,4,3,1,1,0,0,1,1,0,1,0
32,No,29,4,69,3,4025,12,2,7,7,7,0,1,0,1,0,1,0
34,No,1,2,75,4,9725,11,2,1,0,9,0,0,1,0,1,1,0
59,No,1,2,66,4,11904,14,1,4,0,4,0,0,1,0,1,0,1
45,No,24,2,36,2,2177,16,3,3,0,4,1,0,0,0,1,1,0
53,No,2,3,38,2,7525,12,2,7,6,12,0,0,1,1,0,1,0
36,Yes,15,1,81,3,4834,14,3,0,0,0,0,1,0,0,1,1,0
26,Yes,2,1,57,1,2042,14,2,2,1,2,0,1,0,0,1,0,1
34,No,10,3,87,3,2220,19,2,1,0,0,0,0,1,1,0,0,1
28,No,10,4,74,2,1052,22,5,0,0,0,0,0,1,0,1,1,0
38,No,3,3,44,3,2821,16,2,2,2,2,0,1,0,0,1,1,0
50,No,2,2,62,3,19237,11,2,1,7,7,0,1,0,0,1,0,1
37,No,3,4,35,2,4107,15,3,3,0,1,0,1,0,1,0,1,0
40,No,26,3,74,1,8396,14,3,7,7,5,0,0,1,0,1,1,0
26,No,1,1,66,3,2007,13,5,3,1,3,0,1,0,1,0,1,0
46,No,1,4,40,4,19627,17,0,2,2,2,0,1,0,0,1,1,0
54,No,2,3,41,3,10686,11,4,4,7,0,0,0,1,1,0,1,0
56,No,9,1,63,3,2942,19,4,4,0,3,0,1,0,1,0,1,0
36,No,12,4,51,4,8858,11,2,8,7,8,0,1,0,1,0,1,0
55,No,2,3,40,1,16756,15,3,7,6,2,0,1,0,0,1,1,0
43,No,25,3,79,4,10798,13,5,0,0,0,0,0,1,0,1,1,0
20,Yes,9,4,54,4,2323,14,3,2,0,2,0,0,1,1,0,0,1
21,Yes,10,3,36,1,1416,13,6,0,1,0,0,1,0,1,0,1,0
46,No,8,4,74,1,4615,23,2,13,1,7,0,1,0,1,0,0,1
51,Yes,4,1,34,3,2461,12,2,0,2,7,0,1,0,0,1,0,1
28,Yes,24,2,72,1,8722,12,2,7,1,9,0,1,0,0,1,1,0
26,No,1,1,59,1,3955,16,2,3,1,3,0,1,0,0,1,1,0
30,No,20,3,85,1,9957,15,1,2,0,2,0,1,0,0,1,1,0
41,No,7,2,43,3,3376,13,3,6,0,8,0,1,0,1,0,1,0
38,No,17,3,65,3,8823,18,4,9,1,9,0,1,0,1,0,1,0
40,No,20,1,61,4,10322,20,6,10,11,1,0,1,0,0,1,1,0
27,No,8,1,87,3,4621,19,4,2,1,2,0,1,0,0,1,1,0
55,No,2,4,65,2,10976,18,4,2,1,2,0,1,0,0,1,1,0
28,No,10,3,59,3,3660,13,4,7,1,7,0,1,0,1,0,1,0
44,Yes,1,2,91,1,10482,14,1,6,3,6,1,0,0,0,1,1,0
33,No,5,4,34,4,7119,15,2,2,1,2,0,1,0,0,1,1,0
35,Yes,4,4,86,1,9582,22,2,7,4,7,0,0,1,0,1,0,1
33,Yes,29,1,54,3,4508,22,4,7,3,8,0,1,0,1,0,1,0
28,No,15,1,50,3,2207,16,5,2,2,2,0,1,0,0,1,1,0
34,No,3,1,45,4,7756,17,1,2,0,4,0,1,0,0,1,1,0
37,No,10,4,88,4,6694,14,5,0,0,0,0,0,1,1,0,0,1
25,Yes,4,4,32,4,3691,15,3,7,5,6,0,1,0,0,1,0,1
26,Yes,21,1,37,3,2377,20,0,1,0,0,0,1,0,0,1,1,0
33,Yes,25,1,55,2,2313,20,0,2,2,2,0,1,0,0,1,0,1
42,No,2,4,35,1,17665,17,3,6,13,7,0,1,0,0,1,1,0
28,Yes,1,1,45,2,2596,15,2,0,0,0,0,1,0,0,1,1,0
50,Yes,1,4,81,3,4728,14,4,0,0,0,0,0,1,0,1,0,1
33,No,7,4,30,2,4302,17,3,2,0,2,0,0,1,1,0,1,0
34,No,3,3,40,4,2979,17,2,0,0,0,0,1,0,0,1,1,0
48,No,1,1,35,4,16885,22,3,4,2,1,0,1,0,0,1,1,0
45,No,9,2,65,3,5593,13,2,10,4,12,0,0,1,1,0,1,0
52,No,7,2,87,2,10445,19,4,6,4,0,0,1,0,0,1,1,0
38,No,10,3,73,3,8740,14,2,7,2,7,0,0,1,0,1,0,1
29,No,28,3,93,4,2514,22,1,5,1,7,0,1,0,1,0,1,0
28,No,3,4,93,2,7655,17,3,7,1,7,0,1,0,1,0,1,0
46,No,3,1,52,3,17465,12,3,9,4,9,0,0,1,0,1,1,0
38,No,2,4,32,2,7351,16,2,0,0,0,0,0,1,0,1,1,0
43,No,27,3,83,1,10820,11,1,7,0,1,0,1,0,1,0,1,0
39,Yes,2,1,84,4,12169,11,4,7,11,5,0,1,0,0,1,1,0
40,No,14,3,44,3,19626,14,2,7,4,9,0,1,0,0,1,1,0
21,No,1,4,70,2,2070,11,6,2,2,2,0,1,0,1,0,0,1
39,No,9,3,70,2,6782,15,2,4,0,3,0,1,0,0,1,1,0
36,No,18,1,78,4,7779,20,0,9,0,9,0,1,0,0,1,1,0
31,No,20,3,67,4,2791,12,4,2,2,2,0,0,1,0,1,1,0
28,No,2,1,67,2,3201,17,2,3,0,4,0,1,0,0,1,1,0
35,No,11,4,54,4,4968,11,3,2,0,2,0,0,1,0,1,1,0
49,No,8,4,56,2,13120,17,3,8,2,3,0,0,1,0,1,1,0
34,No,2,4,95,3,4033,11,3,2,0,2,0,1,0,0,1,1,0
29,No,10,4,61,2,3291,14,2,5,1,1,0,1,0,1,0,1,0
42,No,29,2,56,4,4272,19,3,0,0,0,0,1,0,0,1,1,0
29,No,8,2,79,4,5056,15,2,7,1,2,0,1,0,0,1,0,1
38,No,1,3,37,3,2844,13,2,6,5,0,1,0,0,0,1,1,0
28,No,6,3,39,3,2703,14,2,1,0,2,0,1,0,0,1,0,1
18,Yes,8,3,80,3,1904,12,0,0,0,0,0,1,0,0,1,1,0
33,Yes,9,1,77,1,8224,17,3,2,0,3,0,0,1,1,0,0,1
41,No,12,2,46,4,4766,11,4,0,0,0,0,1,0,0,1,0,1
31,Yes,15,3,72,3,2610,12,5,2,2,2,0,1,0,0,1,1,0
37,No,25,3,52,4,5731,13,2,2,1,3,0,1,0,1,0,1,0
27,No,6,4,55,3,2539,13,0,2,2,2,0,1,0,0,1,1,0
34,No,9,2,70,3,5714,20,3,5,1,3,0,0,1,1,0,1,0
35,No,8,3,100,3,4323,17,2,4,1,4,1,0,0,0,1,1,0
29,Yes,23,4,45,1,7336,13,3,8,3,10,0,0,1,1,0,1,0
40,No,9,2,88,3,13499,17,3,7,2,13,0,1,0,1,0,1,0
42,Yes,12,3,44,1,13758,12,2,9,13,14,0,0,1,0,1,0,1
42,No,4,2,45,1,5155,13,3,4,1,5,0,0,1,0,1,1,0
35,No,1,4,58,3,2258,12,2,0,1,7,0,1,0,0,1,1,0
24,No,24,4,49,2,3597,22,2,3,1,2,0,1,0,0,1,1,0
28,Yes,12,3,79,4,2515,11,4,1,0,0,0,1,0,1,0,0,1
26,No,3,1,82,4,4420,22,2,7,0,7,0,1,0,0,1,1,0
30,No,10,3,72,3,6578,18,3,3,1,4,0,0,1,0,1,1,0
40,No,26,3,92,4,4422,13,3,1,0,0,0,1,0,1,0,0,1
35,No,2,3,44,2,10274,18,2,7,6,4,0,1,0,0,1,1,0
34,No,1,4,97,1,5343,20,3,9,4,9,0,1,0,0,1,1,0
35,No,4,4,47,4,2376,13,2,2,2,2,0,1,0,0,1,1,0
43,Yes,9,1,85,3,5346,13,2,3,1,3,0,0,1,1,0,1,0
32,No,2,3,76,1,2827,12,3,0,0,0,0,0,1,1,0,1,0
56,No,4,4,92,1,19943,13,2,2,4,2,0,1,0,1,0,1,0
29,No,6,2,54,4,3131,13,5,8,0,8,0,1,0,1,0,1,0
19,No,9,3,54,1,2552,25,4,1,0,0,0,1,0,0,1,1,0
45,No,7,1,83,3,4477,19,2,2,0,2,0,1,0,1,0,0,1
37,No,1,4,56,4,6474,13,2,8,3,11,0,1,0,1,0,1,0
20,No,3,1,87,3,3033,12,2,2,1,2,0,1,0,0,1,1,0
44,Yes,10,3,96,3,2936,11,4,4,0,2,0,1,0,0,1,0,1
53,No,7,4,50,3,18606,18,6,7,4,7,0,1,0,1,0,1,0
29,No,15,2,69,4,2168,18,2,4,1,3,0,1,0,1,0,0,1
22,Yes,3,3,48,4,2853,11,5,0,0,0,0,1,0,0,1,0,1
46,No,2,3,69,1,17048,23,2,15,15,9,0,0,1,1,0,1,0
44,No,17,4,74,3,2290,13,3,0,0,0,0,1,0,0,1,1,0
33,No,2,2,99,3,3600,13,2,4,1,4,1,0,0,0,1,1,0
41,Yes,5,1,95,1,2107,17,2,0,0,0,0,1,0,0,1,1,0
30,No,29,3,61,1,4115,19,3,3,0,3,0,0,1,0,1,1,0
40,No,2,2,62,2,4327,12,2,0,0,0,0,0,1,0,1,1,0
50,No,2,4,30,1,17856,22,3,2,2,2,0,1,0,1,0,1,0
28,No,19,4,78,1,3196,12,2,5,3,3,0,1,0,0,1,1,0
46,No,15,4,52,2,19081,11,2,2,0,3,0,1,0,0,1,1,0
35,No,17,3,94,1,8966,15,2,7,1,7,0,0,1,0,1,0,1
24,Yes,17,4,97,2,2210,13,3,0,0,0,0,1,0,1,0,1,0
33,No,25,2,82,3,4539,12,3,7,0,1,0,0,1,1,0,1,0
36,No,6,3,60,3,2741,14,4,7,1,7,0,1,0,0,1,1,0
30,No,7,3,49,3,3491,13,4,7,8,9,0,1,0,0,1,1,0
44,No,29,4,32,4,4541,25,3,11,13,17,0,1,0,0,1,1,0
20,No,21,3,43,4,2678,17,2,1,2,2,0,0,1,0,1,1,0
46,No,2,4,60,4,7379,11,3,3,1,4,0,1,0,0,1,1,0
42,No,2,4,79,1,6272,16,3,3,0,3,1,0,0,0,1,1,0
60,No,7,2,52,4,5220,18,3,7,1,9,0,0,1,0,1,0,1
32,No,13,3,77,2,2743,20,2,2,2,2,0,1,0,1,0,1,0
32,No,2,4,38,3,4998,14,2,7,0,7,0,1,0,1,0,0,1
36,No,1,3,77,1,10252,21,2,7,7,7,0,1,0,1,0,0,1
33,No,9,1,60,4,2781,13,5,10,4,10,0,1,0,0,1,1,0
40,No,10,2,84,2,6852,12,2,1,1,3,0,0,1,1,0,1,0
25,No,10,3,57,4,4950,14,4,3,1,1,0,0,1,0,1,1,0
30,No,1,4,63,2,3579,21,2,9,5,7,0,1,0,0,1,0,1
42,No,26,1,60,1,13191,17,6,0,0,0,0,1,0,1,0,0,1
35,No,8,3,78,4,10377,11,6,2,4,12,0,0,1,1,0,0,1
27,No,14,1,42,1,2235,14,3,7,6,8,0,1,0,0,1,0,1
54,No,1,4,53,3,10502,17,2,4,1,4,0,1,0,1,0,1,0
44,No,2,1,72,4,2011,13,5,5,7,7,0,1,0,1,0,1,0
19,Yes,10,1,96,2,1859,25,2,1,0,0,0,1,0,1,0,0,1
29,No,1,1,97,4,3760,15,5,2,1,2,0,1,0,1,0,1,0
54,No,3,4,85,4,17779,14,2,9,0,9,0,1,0,0,1,1,0
31,No,11,3,80,1,6833,12,2,5,0,1,0,1,0,0,1,0,1
31,No,24,3,96,1,6812,19,2,9,1,8,0,1,0,1,0,1,0
59,No,3,3,48,4,5171,17,2,1,0,5,0,0,1,1,0,1,0
43,No,3,3,96,4,19740,14,2,7,0,7,0,1,0,0,1,1,0
49,No,4,1,85,3,18711,13,2,0,0,0,0,1,0,0,1,1,0
36,No,3,3,46,2,3692,12,2,10,0,7,0,1,0,0,1,1,0
48,No,2,4,76,2,2559,11,4,0,0,0,0,1,0,0,1,1,0
27,No,4,1,76,3,2517,11,2,3,0,3,0,1,0,0,1,1,0
29,No,7,3,82,4,6623,11,2,0,1,0,0,1,0,0,1,0,1
48,No,1,4,76,4,18265,12,3,0,0,0,0,1,0,0,1,1,0
29,No,1,4,87,4,16124,14,2,7,1,7,0,1,0,1,0,1,0
34,No,20,3,89,3,2585,17,5,0,0,0,0,1,0,1,0,1,0
44,No,5,2,88,2,18213,11,5,9,3,10,0,0,1,0,1,1,0
33,No,10,4,82,3,8380,14,3,8,0,8,0,0,1,0,1,0,1
19,No,25,2,57,4,2994,12,2,0,0,1,0,1,0,1,0,0,1
23,No,1,4,47,3,1223,22,2,0,0,1,0,1,0,0,1,1,0
25,Yes,24,3,73,4,1118,14,4,0,1,0,0,0,1,0,1,0,1
26,No,4,3,53,4,2875,20,2,5,2,2,0,1,0,0,1,0,1
45,Yes,2,1,94,2,18824,16,2,10,1,11,0,0,1,1,0,0,1
55,No,8,4,37,2,13577,15,3,9,15,0,0,1,0,0,1,0,1
21,Yes,10,1,45,3,2625,20,2,2,2,2,0,1,0,1,0,1,0
46,No,4,4,33,2,18789,14,2,4,0,8,0,0,1,1,0,1,0
34,No,2,3,86,1,4538,12,3,2,0,2,0,0,1,1,0,0,1
51,No,9,4,83,2,19847,24,5,10,11,10,0,0,1,0,1,0,1
59,No,18,4,67,4,10512,12,6,7,5,4,0,1,0,0,1,1,0
34,No,19,3,46,2,4444,13,2,8,5,10,0,1,0,1,0,1,0
28,No,1,4,44,3,2154,11,2,2,0,2,0,1,0,0,1,0,1
44,No,4,3,92,1,19190,14,4,9,14,13,0,1,0,0,1,1,0
34,No,11,3,56,2,4490,11,5,9,1,8,1,0,0,0,1,1,0
35,No,6,3,66,3,3506,14,3,2,2,2,0,1,0,0,1,0,1
42,No,7,2,78,2,2372,16,2,0,0,0,0,1,0,1,0,0,1
43,No,4,4,56,4,10231,14,3,7,15,17,0,0,1,1,0,1,0
36,No,2,3,53,2,5410,11,2,14,5,12,0,1,0,1,0,0,1
44,Yes,15,1,73,4,7978,11,2,7,0,5,0,1,0,1,0,1,0
28,No,2,4,52,4,3867,12,2,2,2,2,0,1,0,0,1,0,1
51,No,6,2,40,3,2838,14,6,0,7,7,0,1,0,1,0,1,0
30,No,9,3,72,3,4695,18,3,4,1,7,0,1,0,1,0,0,1
29,Yes,7,2,39,3,3339,13,2,7,7,7,0,1,0,1,0,0,1
28,No,1,4,84,1,2080,11,2,2,1,2,0,1,0,0,1,1,0
25,No,1,4,40,2,2096,18,3,2,2,1,0,1,0,1,0,1,0
32,No,8,3,56,4,6209,15,4,7,0,8,0,0,1,0,1,1,0
45,No,25,2,83,2,18061,22,4,0,0,0,0,1,0,1,0,1,0
39,No,13,3,94,2,17123,13,4,9,15,2,0,1,0,1,0,0,1
58,No,23,1,88,3,2372,12,3,2,2,2,0,1,0,0,1,1,0
32,Yes,7,4,79,3,4883,18,3,4,1,1,0,1,0,0,1,1,0
39,Yes,23,3,93,1,3904,13,2,2,0,3,0,1,0,0,1,1,0
30,No,6,1,48,4,4627,12,6,2,6,7,0,1,0,1,0,1,0
36,No,10,4,63,3,7094,12,0,7,1,7,0,1,0,1,0,1,0
46,No,1,4,44,1,3423,12,3,6,5,7,1,0,0,1,0,1,0
28,No,1,3,55,4,6674,11,6,8,7,5,0,1,0,1,0,1,0
50,No,28,4,43,1,16880,11,2,2,1,2,0,1,0,1,0,0,1
40,Yes,25,4,57,2,9094,12,2,4,1,0,0,0,1,0,1,0,1
52,Yes,5,2,64,2,8446,19,2,7,7,7,0,0,1,0,1,0,1
30,No,17,2,95,1,11916,23,2,1,0,8,0,1,0,1,0,0,1
39,No,18,1,32,3,4534,11,6,7,1,7,0,1,0,0,1,1,0
31,No,2,4,57,3,9852,19,5,8,9,6,0,0,1,1,0,0,1
41,No,10,3,40,2,6151,13,4,2,11,9,0,0,1,0,1,1,0
31,Yes,1,4,54,2,2302,11,2,2,2,2,0,0,1,1,0,0,1
44,Yes,3,1,89,1,2362,12,4,2,1,2,0,1,0,0,1,1,0
42,No,2,3,37,3,17861,13,3,8,2,10,0,1,0,0,1,0,1
55,No,2,4,58,3,19187,14,5,9,9,11,0,1,0,1,0,1,0
56,No,8,4,99,2,19717,14,4,3,7,7,1,0,0,0,1,1,0
40,No,16,3,74,3,3544,16,0,2,0,0,0,1,0,0,1,1,0
34,No,9,4,86,4,8500,11,0,7,1,6,0,1,0,0,1,1,0
40,No,2,3,98,4,4661,13,4,8,8,8,0,1,0,0,1,1,0
41,No,1,3,66,1,4103,17,2,3,1,7,0,0,1,1,0,1,0
35,No,4,3,87,3,4249,11,3,6,1,1,0,1,0,0,1,0,1
51,No,5,3,84,2,14026,11,2,9,0,10,1,0,0,0,1,0,1
38,No,2,2,31,1,6893,15,3,7,1,7,0,0,1,1,0,1,0
34,No,15,3,66,1,6125,12,6,8,9,6,0,0,1,1,0,1,0
25,No,19,4,67,4,3669,11,6,2,1,2,0,1,0,0,1,1,0
58,Yes,7,3,53,1,10008,14,0,9,5,9,0,1,0,1,0,0,1
40,No,1,2,88,2,2387,22,3,2,0,3,0,1,0,0,1,1,0
36,No,7,1,83,1,4639,16,2,7,6,13,0,0,1,1,0,1,0
48,No,4,4,54,4,7898,11,2,9,0,8,0,1,0,0,1,1,0
27,No,11,3,98,4,2534,14,4,0,0,0,0,0,1,1,0,1,0
51,No,11,4,82,2,13142,16,1,2,0,3,0,1,0,1,0,1,0
18,No,1,4,97,4,1611,15,5,0,0,0,0,1,0,1,0,1,0
35,No,1,4,60,4,5363,12,0,7,0,0,0,1,0,1,0,1,0
27,No,2,4,43,4,5071,20,3,2,0,0,0,0,1,0,1,1,0
55,Yes,13,1,85,3,13695,17,2,7,3,8,0,0,1,0,1,0,1
56,No,23,4,68,2,13402,12,0,16,15,9,0,1,0,0,1,0,1
34,No,26,1,92,3,2029,20,2,4,0,0,0,1,0,1,0,1,0
40,No,2,2,89,3,6377,20,0,11,11,8,0,1,0,1,0,1,0
34,No,29,2,86,3,5429,13,1,7,7,7,0,1,0,0,1,1,0
31,Yes,2,3,90,4,2785,14,3,0,0,0,0,0,1,1,0,1,0
35,Yes,18,4,67,3,4614,18,0,2,3,2,0,0,1,1,0,0,1
38,No,7,4,57,3,2610,11,2,2,0,3,0,1,0,0,1,1,0
34,No,2,3,98,4,6687,11,2,11,4,11,0,1,0,1,0,1,0
28,No,26,3,48,1,4724,11,0,3,0,4,0,0,1,0,1,1,0
31,Yes,22,4,98,3,6179,15,3,2,6,7,0,1,0,0,1,0,1
39,No,21,1,44,4,6120,12,2,4,1,4,0,0,1,0,1,0,1
51,No,2,2,52,2,10596,11,5,2,3,2,0,0,1,0,1,1,0
41,No,22,4,75,4,5467,14,4,2,3,3,0,1,0,1,0,0,1
37,No,4,3,54,3,2996,15,2,4,1,3,0,1,0,0,1,0,1
33,No,5,2,61,4,9998,13,2,4,1,2,0,0,1,0,1,1,0
32,No,2,3,36,2,4078,13,3,2,1,2,0,0,1,0,1,0,1
39,No,25,3,71,3,10920,21,2,4,0,5,0,1,0,0,1,1,0
25,No,18,1,93,3,6232,11,3,2,1,2,0,0,1,0,1,1,0
52,No,28,4,59,3,13247,11,3,3,0,2,0,1,0,1,0,0,1
43,No,6,1,73,3,4081,14,3,7,1,8,0,1,0,1,0,0,1
27,No,10,4,98,4,5769,11,3,2,4,4,0,0,1,1,0,0,1
27,Yes,17,4,51,3,2394,13,2,2,7,7,0,1,0,1,0,0,1
26,No,2,1,36,4,3904,12,2,3,1,1,0,1,0,0,1,1,0
42,No,10,3,31,1,16799,14,5,7,0,9,1,0,0,1,0,1,0
52,No,8,3,54,1,2950,13,2,4,0,4,0,1,0,1,0,1,0
37,No,11,1,94,3,3629,18,6,2,0,2,0,1,0,1,0,1,0
35,No,18,3,60,4,9362,11,2,2,2,2,0,1,0,0,1,1,0
25,No,1,1,81,4,3229,11,2,2,0,2,0,1,0,0,1,1,0
26,No,7,3,100,1,3578,12,2,7,0,7,0,1,0,0,1,1,0
29,No,17,2,51,1,7988,13,3,9,0,9,1,0,0,0,1,1,0
49,Yes,28,1,97,1,4284,20,2,3,1,3,0,1,0,0,1,1,0
29,Yes,14,3,84,4,7553,12,1,7,7,7,0,1,0,1,0,0,1
54,No,1,4,54,4,17328,19,3,7,12,7,0,1,0,1,0,1,0
58,No,1,4,76,1,19701,21,3,8,1,5,0,1,0,1,0,0,1
55,No,1,2,81,4,14732,13,4,7,0,0,0,1,0,0,1,1,0
36,No,3,1,99,2,9278,16,3,4,0,1,0,0,1,1,0,0,1
31,Yes,1,2,50,3,1359,12,3,0,0,0,0,0,1,1,0,1,0
30,No,7,4,73,1,4779,14,3,2,0,2,0,0,1,1,0,1,0
31,No,8,1,93,2,16422,11,3,2,1,0,0,1,0,1,0,1,0
34,No,1,4,91,1,2996,14,2,3,1,3,0,1,0,0,1,1,0
31,Yes,8,1,34,2,1261,12,3,0,0,0,0,1,0,1,0,1,0
27,No,11,2,91,1,2099,14,3,0,1,4,0,1,0,0,1,1,0
36,No,4,1,37,4,5810,16,2,4,1,8,0,1,0,0,1,1,0
36,No,16,3,98,1,5647,13,3,2,0,2,0,0,1,1,0,1,0
47,No,1,1,74,4,3420,12,2,5,1,2,0,1,0,0,1,1,0
25,Yes,9,1,68,1,4400,12,2,2,2,2,0,0,1,0,1,1,0
37,No,5,3,84,3,3500,14,2,5,1,3,0,1,0,0,1,1,0
56,No,1,1,90,1,2066,22,3,2,1,0,0,1,0,1,0,1,0
47,No,2,1,82,3,17169,19,2,17,5,6,0,1,0,1,0,1,0
24,No,4,4,42,3,4162,12,3,4,0,3,0,0,1,1,0,0,1
32,No,7,4,97,4,9204,12,3,3,0,3,0,0,1,0,1,1,0
34,No,1,4,86,2,3294,17,2,4,0,2,0,1,0,1,0,1,0
41,No,5,2,90,3,2127,12,5,2,0,3,0,1,0,0,1,0,1
40,No,9,3,81,3,3975,11,2,7,0,7,0,1,0,0,1,1,0
31,No,8,1,31,4,10793,18,5,7,9,9,0,0,1,0,1,1,0
46,Yes,9,1,52,4,10096,11,1,7,4,3,0,0,1,0,1,1,0
39,Yes,2,1,54,1,3646,23,2,0,0,0,0,1,0,1,0,0,1
31,Yes,1,3,100,2,7446,11,2,8,4,7,0,1,0,1,0,1,0
45,No,20,2,95,1,10851,18,2,7,0,7,0,1,0,0,1,0,1
31,No,8,4,96,2,2109,18,3,2,0,2,1,0,0,1,0,1,0
31,Yes,2,2,94,4,3722,13,2,2,2,2,0,1,0,0,1,0,1
45,No,29,2,55,4,9380,18,4,1,1,2,0,1,0,0,1,0,1
48,No,7,3,96,1,5486,11,3,2,2,2,0,0,1,0,1,1,0
34,Yes,9,1,52,3,2742,15,0,2,2,2,1,0,0,1,0,1,0
40,No,8,4,55,2,13757,11,5,8,4,8,0,1,0,0,1,1,0
28,No,5,4,84,1,8463,18,4,4,1,3,0,0,1,0,1,1,0
44,No,5,3,90,3,3162,14,5,2,0,3,0,1,0,0,1,1,0
53,No,2,4,39,2,16598,12,2,8,8,8,0,1,0,0,1,1,0
49,No,5,1,96,3,6651,14,0,2,1,2,0,1,0,0,1,1,0
40,No,2,3,68,3,2345,14,3,1,1,2,0,1,0,0,1,1,0
44,No,20,4,49,2,3420,13,3,2,1,3,0,1,0,0,1,1,0
33,No,7,4,54,1,4373,14,2,3,0,3,0,0,1,0,1,1,0
34,No,3,4,81,1,4759,18,2,9,3,12,0,0,1,0,1,1,0
30,No,16,4,96,3,5301,15,2,1,2,2,0,0,1,0,1,1,0
42,No,9,1,74,4,3673,13,3,9,5,8,0,1,0,1,0,1,0
44,No,1,1,79,3,4768,12,4,0,0,0,0,0,1,1,0,1,0
30,No,7,3,64,3,1274,13,2,0,0,0,0,1,0,0,1,1,0
57,No,1,2,93,3,4900,24,2,9,2,8,0,1,0,0,1,1,0
49,No,7,3,35,2,10466,14,3,7,0,7,0,1,0,0,1,1,0
34,No,15,2,71,1,17007,14,3,8,6,9,0,1,0,0,1,1,0
28,Yes,1,1,92,3,2909,15,3,2,1,2,0,0,1,0,1,1,0
29,Yes,13,1,51,2,5765,11,4,3,0,0,0,0,1,1,0,1,0
34,Yes,24,1,40,2,4599,23,2,9,10,10,0,0,1,1,0,0,1
35,No,7,4,76,3,2404,13,3,0,0,0,0,0,1,0,1,1,0
24,Yes,9,2,89,1,3172,11,2,0,0,0,0,1,0,0,1,0,1
24,No,13,4,78,2,2033,13,2,0,0,0,0,0,1,1,0,1,0
44,No,2,2,86,3,10209,18,2,2,2,2,0,1,0,0,1,0,1
29,No,19,3,77,3,8620,14,3,7,0,4,0,0,1,0,1,1,0
30,No,1,3,46,3,2064,21,3,3,1,3,1,0,0,0,1,1,0
55,No,4,4,30,3,4035,16,2,2,1,2,0,1,0,0,1,0,1
33,No,4,1,82,2,3838,11,5,4,0,2,0,1,0,1,0,1,0
47,No,14,3,78,3,4591,17,4,4,1,2,0,0,1,1,0,0,1
28,Yes,2,3,38,1,2561,11,2,0,0,0,0,1,0,0,1,1,0
28,No,1,1,72,3,1563,14,2,0,0,0,0,1,0,0,1,1,0
28,No,7,3,55,1,4898,14,5,2,1,3,0,0,1,0,1,1,0
49,No,3,3,43,1,4789,25,3,2,1,2,0,1,0,1,0,1,0
29,No,2,4,97,2,3180,13,3,2,0,2,0,1,0,1,0,1,0
28,No,29,3,96,2,6549,14,2,6,1,7,0,1,0,0,1,1,0
33,No,8,4,69,3,6388,17,6,0,0,0,0,1,0,0,1,0,1
32,No,10,3,64,4,11244,25,5,2,0,0,0,1,0,0,1,1,0
54,No,11,2,87,4,16032,20,2,9,1,12,0,1,0,1,0,1,0
29,Yes,1,1,100,1,2362,13,2,7,0,7,0,1,0,0,1,1,0
44,No,28,4,32,1,16328,13,1,6,14,17,0,1,0,0,1,1,0
39,No,6,2,32,2,8376,18,3,0,2,2,0,1,0,1,0,1,0
46,No,3,3,51,2,16606,12,2,12,5,1,0,0,1,1,0,1,0
35,No,16,4,91,2,8606,19,3,8,3,3,0,1,0,1,0,1,0
23,No,20,1,97,3,2272,14,2,3,1,2,0,1,0,0,1,1,0
40,Yes,9,4,86,1,2018,14,3,4,1,0,0,1,0,0,1,1,0
34,No,1,4,64,3,7083,14,3,9,8,6,0,0,1,0,1,0,1
31,Yes,3,4,33,3,4084,12,2,2,7,7,0,1,0,1,0,1,0
50,No,22,3,88,4,14411,13,2,6,13,9,0,1,0,0,1,0,1
34,No,7,2,55,3,2308,25,4,10,5,7,0,0,1,0,1,0,1
42,No,2,3,68,2,4841,14,3,0,0,0,0,1,0,0,1,1,0
37,No,13,1,47,4,4285,17,2,8,3,7,0,1,0,0,1,1,0
29,No,8,3,39,1,9715,13,3,7,0,7,0,1,0,1,0,1,0
33,No,25,4,44,2,4320,13,2,3,0,2,0,1,0,0,1,1,0
45,No,28,4,97,4,2132,20,3,4,0,3,0,1,0,0,1,1,0
42,No,2,4,40,4,10124,14,3,8,13,9,0,1,0,0,1,0,1
40,No,9,1,47,1,5473,12,5,4,7,1,0,0,1,0,1,1,0
33,No,28,2,79,3,5207,12,3,14,5,7,0,1,0,0,1,0,1
40,No,6,3,38,4,16437,21,2,7,7,7,1,0,0,0,1,0,1
24,No,21,3,57,1,2296,14,3,1,0,0,0,1,0,0,1,1,0
40,No,8,4,72,4,4069,18,2,2,2,2,0,1,0,0,1,0,1
45,No,1,1,66,2,7441,12,4,8,7,7,0,1,0,0,1,1,0
35,No,28,2,98,3,2430,23,5,3,4,2,0,0,1,1,0,1,0
32,No,5,4,67,2,5878,12,2,1,2,5,0,1,0,1,0,1,0
36,No,2,3,70,4,2644,21,3,2,1,2,0,0,1,0,1,0,1
48,No,16,3,96,3,6439,14,2,7,7,7,0,0,1,1,0,1,0
29,No,9,3,91,3,2451,18,2,0,0,0,0,1,0,0,1,1,0
33,No,8,1,46,1,6392,13,6,2,2,2,0,0,1,0,1,1,0
30,Yes,1,2,64,1,9714,11,4,8,6,7,0,0,1,0,1,1,0
38,No,10,3,71,3,6077,11,2,3,1,2,1,0,0,0,1,1,0
35,No,1,4,68,1,2450,19,3,0,1,2,0,1,0,0,1,1,0
30,No,29,3,33,2,9250,12,3,2,1,3,0,0,1,0,1,1,0
35,Yes,2,1,69,1,2074,12,2,0,0,0,0,1,0,1,0,0,1
53,Yes,2,3,78,4,10169,16,4,7,1,9,0,1,0,1,0,1,0
38,Yes,2,3,81,2,4855,11,2,2,1,4,0,1,0,0,1,1,0
32,No,1,4,62,1,4087,14,3,5,1,2,0,1,0,0,1,1,0
48,No,15,3,65,1,2367,12,3,2,7,6,0,1,0,1,0,1,0
34,No,7,1,35,4,2972,13,4,0,0,0,0,1,0,0,1,1,0
55,No,26,3,60,4,19586,21,3,6,2,13,0,0,1,0,1,1,0
34,No,1,2,45,4,5484,17,3,2,2,1,0,1,0,0,1,1,0
26,No,3,1,89,4,2061,21,5,0,0,0,0,1,0,1,0,1,0
38,No,14,3,80,2,9924,11,3,8,7,7,0,0,1,0,1,1,0
38,No,16,2,90,2,4198,12,5,2,1,2,0,0,1,1,0,1,0
36,No,1,2,73,3,6815,13,5,0,0,0,0,0,1,1,0,1,0
29,No,3,2,87,1,4723,18,3,9,1,5,0,1,0,0,1,0,1
35,No,10,1,51,3,6142,16,4,2,0,4,0,1,0,1,0,0,1
39,No,6,4,38,3,8237,11,3,6,7,6,0,0,1,0,1,1,0
29,No,2,1,87,4,8853,19,0,4,1,3,0,1,0,0,1,1,0
50,No,9,3,59,3,19331,16,2,0,0,0,0,0,1,0,1,0,1
23,No,10,4,45,3,2073,16,2,2,2,2,0,1,0,0,1,1,0
36,No,6,1,80,1,5562,13,3,2,0,2,0,1,0,0,1,0,1
42,No,9,4,93,4,19613,22,2,0,0,1,0,1,0,0,1,1,0
35,No,28,2,46,3,3407,17,3,9,6,8,0,1,0,0,1,1,0
34,No,10,4,92,3,5063,14,3,2,7,7,0,1,0,0,1,1,0
40,No,14,4,84,1,4639,15,2,4,1,2,0,0,1,1,0,1,0
43,No,27,4,87,2,4876,12,0,4,0,2,0,1,0,0,1,1,0
35,No,7,3,63,4,2690,18,5,0,0,1,0,1,0,0,1,1,0
46,No,1,4,56,1,17567,15,5,0,0,12,0,0,1,0,1,1,0
28,Yes,24,3,51,2,2408,17,3,1,0,0,0,1,0,0,1,0,1
22,No,26,2,85,3,2814,14,2,2,1,3,0,1,0,1,0,0,1
50,No,20,2,41,3,11245,15,3,8,12,13,0,1,0,0,1,0,1
32,No,5,2,35,4,3312,17,3,2,0,2,0,1,0,1,0,1,0
44,No,7,2,31,4,19049,14,4,7,1,10,0,1,0,1,0,0,1
30,No,7,2,48,2,2141,12,3,4,1,1,0,1,0,0,1,1,0
45,No,5,3,50,1,5769,14,3,7,1,4,0,1,0,1,0,0,1
45,No,26,1,52,1,4385,15,2,7,4,5,0,0,1,0,1,1,0
31,No,2,4,54,1,5332,13,3,2,0,3,0,0,1,0,1,1,0
36,No,12,3,76,3,4663,12,2,2,1,1,0,1,0,1,0,0,1
34,No,10,3,42,4,4724,13,3,7,7,2,0,1,0,0,1,1,0
49,No,25,3,84,1,3211,14,3,6,1,4,0,1,0,1,0,1,0
39,No,10,2,76,1,5377,13,3,7,7,7,0,1,0,0,1,1,0
27,No,19,4,67,1,4066,11,3,7,0,7,0,1,0,0,1,1,0
35,No,18,2,48,1,5208,11,2,15,1,10,0,1,0,0,1,1,0
28,No,27,2,39,1,4877,21,5,3,0,0,0,1,0,1,0,1,0
21,No,5,3,97,4,3117,18,2,2,2,2,0,1,0,0,1,1,0
18,Yes,3,2,70,4,1569,12,2,0,0,0,0,0,1,1,0,0,1
47,No,26,4,98,3,19658,11,2,2,1,0,1,0,0,1,0,1,0
39,No,3,3,76,3,3069,15,3,8,0,7,0,1,0,0,1,1,0
40,No,15,1,80,3,10435,13,2,15,14,12,0,1,0,1,0,1,0
35,No,8,3,52,3,4148,12,5,11,2,9,0,1,0,1,0,1,0
37,No,19,3,85,3,5768,17,2,3,0,2,0,1,0,0,1,1,0
39,No,4,1,81,3,5042,13,2,2,3,8,0,1,0,1,0,1,0
45,No,2,4,59,4,5770,19,3,7,3,9,0,1,0,1,0,1,0
38,No,2,4,54,3,7756,19,6,4,0,2,0,1,0,1,0,0,1
35,Yes,10,4,55,1,10306,17,3,12,6,0,0,0,1,0,1,1,0
37,No,10,2,71,2,3936,11,2,4,7,7,0,1,0,1,0,1,0
40,No,16,3,84,4,7945,15,2,2,3,3,0,1,0,1,0,0,1
44,No,1,1,37,4,5743,11,3,7,0,2,1,0,0,0,1,0,1
48,No,4,3,89,4,15202,25,3,2,2,2,0,1,0,0,1,1,0
35,Yes,15,1,59,4,5440,14,2,2,2,2,0,0,1,0,1,0,1
24,No,2,1,32,4,3760,13,2,3,1,3,0,1,0,1,0,0,1
27,No,8,2,86,3,3517,17,0,2,0,2,0,1,0,1,0,1,0
27,No,2,4,87,4,2580,13,0,2,1,2,0,1,0,0,1,1,0
40,Yes,7,1,73,1,2166,14,3,2,0,3,0,1,0,0,1,0,1
29,No,10,3,42,3,5869,11,2,2,1,4,0,0,1,0,1,1,0
36,No,5,2,42,1,8008,12,6,2,0,2,0,1,0,1,0,1,0
25,No,2,4,77,3,5206,17,6,7,0,7,0,1,0,0,1,1,0
39,No,12,4,66,2,5295,21,3,4,1,0,0,1,0,0,1,1,0
49,No,22,1,72,2,16413,16,2,2,1,2,0,1,0,1,0,1,0
50,No,17,4,50,1,13269,15,3,11,1,11,0,1,0,1,0,1,0
20,No,2,3,31,3,2783,19,3,2,2,2,0,0,1,1,0,1,0
34,No,3,4,66,2,5433,12,2,8,7,9,0,1,0,1,0,1,0
36,No,7,1,77,2,2013,11,4,3,1,3,0,1,0,0,1,1,0
49,No,6,3,41,3,13966,19,3,11,2,12,0,1,0,1,0,0,1
36,No,1,4,33,3,4374,15,6,2,1,2,0,1,0,1,0,1,0
36,No,3,4,79,1,6842,20,3,4,0,4,0,1,0,0,1,1,0
54,No,22,2,91,3,17426,25,6,8,4,7,0,1,0,1,0,1,0
43,No,15,3,65,3,17603,24,3,10,6,11,0,1,0,0,1,1,0
35,Yes,12,4,36,4,4581,24,2,9,6,7,0,0,1,0,1,0,1
38,No,1,4,90,4,4735,15,4,11,2,9,0,1,0,0,1,1,0
29,No,5,1,43,2,4187,13,3,0,0,9,0,0,1,0,1,0,1
33,No,2,4,93,4,5505,14,5,2,0,4,0,0,1,0,1,1,0
32,No,2,4,45,2,5470,13,4,5,1,6,0,1,0,0,1,1,0
31,No,5,1,67,4,5476,11,2,0,0,2,0,0,1,1,0,1,0
49,No,16,4,74,1,2587,16,2,2,2,2,0,1,0,1,0,0,1
38,No,2,4,42,2,2440,22,3,3,3,3,0,1,0,1,0,1,0
47,No,2,2,47,2,15972,14,2,2,1,2,0,0,1,1,0,1,0
49,No,1,3,36,3,15379,14,2,7,0,0,0,1,0,0,1,1,0
41,No,23,4,80,3,7082,16,2,0,0,2,0,0,1,0,1,0,1
20,No,9,4,54,1,2728,11,3,2,0,2,0,0,1,0,1,1,0
33,No,16,3,36,4,5368,25,2,5,1,2,0,0,1,1,0,0,1
36,No,26,1,80,3,5347,14,2,2,0,2,0,1,0,0,1,1,0
44,No,1,3,44,4,3195,18,2,2,2,2,1,0,0,1,0,0,1
23,Yes,8,4,93,3,3989,11,2,4,1,2,0,1,0,0,1,0,1
38,No,4,4,87,3,3306,19,5,0,0,0,0,1,0,1,0,1,0
53,No,24,2,48,4,7005,15,2,3,1,2,0,1,0,0,1,1,0
48,Yes,7,4,95,3,2655,11,3,7,7,7,0,0,1,1,0,0,1
32,Yes,2,4,95,2,1393,12,2,0,0,0,0,1,0,0,1,1,0
26,No,7,4,76,4,2570,20,5,7,5,7,0,1,0,0,1,1,0
55,No,22,1,94,2,3537,12,1,2,1,2,0,1,0,0,1,1,0
34,No,5,2,57,4,3986,14,3,10,4,13,0,1,0,0,1,1,0
60,No,1,3,92,4,10883,20,2,0,0,0,0,1,0,0,1,1,0
33,No,21,2,79,2,2028,18,6,11,2,13,0,1,0,0,1,1,0
37,No,1,3,31,4,9525,14,2,3,1,3,0,0,1,0,1,1,0
34,No,19,2,35,4,2929,12,3,9,8,7,0,1,0,1,0,1,0
23,Yes,7,3,99,4,2275,21,2,2,0,2,0,0,1,0,1,0,1
44,No,2,3,96,4,7879,19,2,7,6,7,0,1,0,1,0,0,1
35,No,2,1,79,4,4930,14,2,4,1,4,0,1,0,0,1,0,1
43,No,2,4,73,4,7847,17,3,9,8,8,0,0,1,0,1,0,1
24,No,9,3,62,3,4401,16,1,3,0,4,0,1,0,0,1,1,0
41,No,6,4,35,3,9241,12,3,8,8,7,0,0,1,0,1,1,0
29,No,9,4,43,3,2974,17,2,3,1,2,0,1,0,1,0,1,0
36,No,2,3,51,4,4502,15,2,7,6,7,0,0,1,1,0,1,0
45,No,1,3,74,3,10748,23,3,15,14,4,0,1,0,0,1,1,0
24,Yes,22,4,58,3,1555,11,2,0,0,0,1,0,0,0,1,1,0
47,Yes,9,3,82,3,12936,11,3,5,14,10,0,0,1,0,1,1,0
26,No,17,4,62,3,2305,15,3,2,0,2,0,1,0,0,1,1,0
45,No,28,4,48,2,16704,11,2,6,8,6,0,1,0,1,0,1,0
32,No,10,1,56,3,3433,13,3,2,1,3,0,1,0,0,1,1,0
31,No,2,2,69,3,3477,14,2,2,0,3,0,1,0,0,1,1,0
41,No,4,3,60,2,6430,19,4,2,1,2,1,0,0,0,1,1,0
40,No,8,2,92,1,6516,16,3,0,0,0,0,1,0,1,0,0,1
24,No,29,2,91,1,3907,13,2,2,1,2,0,1,0,0,1,1,0
46,No,13,3,34,2,5562,14,3,7,0,9,0,1,0,0,1,1,0
35,No,27,4,49,3,6883,16,3,7,0,7,0,1,0,0,1,1,0
30,No,16,2,33,4,2862,12,2,0,0,8,0,1,0,0,1,1,0
47,No,2,3,87,2,4978,11,3,0,0,0,0,0,1,0,1,1,0
46,No,2,3,74,4,10368,12,5,6,0,3,0,0,1,0,1,0,1
36,Yes,13,2,96,1,6134,13,3,2,2,2,0,0,1,0,1,0,1
32,Yes,1,1,34,2,6735,15,2,0,0,0,0,0,1,0,1,1,0
23,No,4,3,51,2,3295,13,3,2,1,2,0,1,0,1,0,1,0
31,No,24,4,30,4,5238,20,3,4,1,4,0,1,0,1,0,1,0
39,No,1,4,77,4,6472,15,2,8,5,8,0,1,0,0,1,0,1
32,No,19,4,80,3,9610,13,2,3,0,2,0,0,1,0,1,1,0
40,No,7,2,88,2,19833,14,3,8,12,8,0,0,1,0,1,1,0
45,No,4,3,56,3,9756,21,2,0,0,3,1,0,0,1,0,1,0
30,No,2,4,78,1,4968,16,2,7,0,7,0,1,0,1,0,1,0
24,No,10,1,59,4,2145,14,2,2,2,1,1,0,0,0,1,1,0
30,Yes,8,3,66,4,2180,11,0,2,1,2,1,0,0,1,0,1,0
31,No,5,1,51,3,8346,19,3,2,0,2,0,0,1,0,1,1,0
27,No,8,3,67,4,3445,11,5,2,1,4,0,1,0,1,0,1,0
29,Yes,9,2,52,2,2760,13,3,2,2,2,0,0,1,1,0,1,0
29,No,1,4,70,3,6294,12,5,2,0,2,0,1,0,0,1,0,1
30,No,15,3,94,1,7140,11,2,7,1,7,0,0,1,0,1,1,0
34,No,2,4,97,4,2932,14,3,0,1,2,0,1,0,0,1,0,1
33,No,2,4,62,2,5147,15,2,7,1,7,0,0,1,1,0,1,0
49,No,11,4,80,4,4507,12,1,1,0,4,0,0,1,1,0,1,0
33,Yes,16,1,74,1,8564,20,2,0,0,0,0,0,1,1,0,0,1
38,No,2,3,75,2,2468,14,4,1,0,5,0,1,0,1,0,1,0
31,Yes,16,1,70,3,8161,13,2,0,0,0,0,0,1,0,1,1,0
29,No,4,4,91,1,2109,13,2,0,0,0,0,1,0,1,0,1,0
30,No,16,3,58,3,5294,16,3,0,1,7,0,1,0,0,1,1,0
32,No,5,2,65,2,2718,14,3,7,0,7,0,1,0,0,1,1,0
38,No,18,2,60,4,5811,16,2,0,1,0,0,1,0,0,1,0,1
43,Yes,17,3,38,3,2437,16,4,0,0,0,0,1,0,0,1,0,1
42,No,12,2,57,2,2766,22,6,3,0,4,0,1,0,0,1,1,0
55,No,2,3,60,1,19038,12,2,0,0,0,0,1,0,0,1,1,0
33,No,4,4,90,2,3055,15,2,8,1,7,0,1,0,0,1,1,0
41,No,9,3,94,1,2289,20,2,3,0,4,0,1,0,0,1,1,0
34,No,10,4,87,3,4001,14,3,14,0,7,0,0,1,0,1,0,1
53,No,1,1,60,3,12965,20,2,2,0,2,0,1,0,1,0,0,1
43,No,2,2,97,4,3539,13,5,7,1,8,1,0,0,0,1,1,0
34,No,3,4,32,4,6029,12,3,2,2,2,0,0,1,1,0,1,0
21,Yes,7,2,31,2,2679,13,3,0,1,0,0,0,1,0,1,1,0
38,No,6,4,40,3,3702,11,3,4,0,4,0,1,0,1,0,1,0
22,Yes,8,3,79,1,2398,17,6,0,0,0,0,1,0,1,0,0,1
31,No,29,1,91,4,5468,14,3,7,5,7,0,0,1,1,0,1,0
51,No,3,1,53,3,13116,11,2,2,2,2,0,1,0,1,0,1,0
37,No,9,2,46,2,4189,14,2,2,0,3,0,0,1,0,1,1,0
46,No,2,3,46,4,19328,17,3,1,2,2,0,1,0,0,1,0,1
36,No,10,4,90,1,8321,13,1,8,5,7,0,1,0,0,1,0,1
44,Yes,1,3,99,2,2342,12,2,3,2,3,0,1,0,0,1,0,1
37,No,8,3,89,2,4071,13,4,0,4,7,1,0,0,0,1,1,0
35,Yes,27,3,84,4,5813,18,2,7,7,7,0,0,1,0,1,0,1
33,No,8,4,90,1,3143,19,1,8,7,6,0,1,0,0,1,1,0
28,No,1,3,82,4,2044,11,6,3,0,3,0,1,0,0,1,1,0
39,No,10,3,65,3,13464,21,3,3,2,2,0,1,0,0,1,1,0
46,No,26,2,98,2,7991,15,3,2,2,2,0,0,1,0,1,1,0
40,No,2,3,99,1,3377,17,5,3,0,2,0,1,0,1,0,1,0
42,No,13,2,95,1,5538,18,2,0,0,0,0,1,0,0,1,1,0
35,No,2,2,90,4,5762,14,6,7,1,7,0,1,0,0,1,1,0
38,No,2,1,100,2,2592,13,3,10,3,8,1,0,0,0,1,1,0
34,Yes,9,4,93,1,5346,17,3,1,0,7,0,1,0,0,1,1,0
37,Yes,10,4,58,1,4213,15,4,3,0,8,0,1,0,0,1,1,0
39,No,20,3,83,4,4127,18,6,1,2,2,0,0,1,0,1,1,0
43,No,9,1,52,3,2438,13,2,2,1,2,0,1,0,0,1,1,0
41,No,5,2,85,2,6870,12,3,2,1,2,0,1,0,0,1,1,0
41,No,4,3,81,3,10447,13,3,14,13,5,0,0,1,1,0,0,1
30,No,10,1,64,3,9667,14,3,7,0,2,0,1,0,1,0,1,0
26,Yes,20,4,69,2,2148,11,3,1,1,4,1,0,0,1,0,0,1
46,Yes,21,4,66,2,8926,22,2,7,3,7,0,1,0,1,0,1,0
40,No,1,3,52,4,6513,17,3,3,0,3,0,1,0,1,0,1,0
34,No,8,2,92,3,6799,21,5,8,4,8,0,0,1,0,1,1,0
58,No,2,2,52,2,16291,22,0,9,14,14,0,0,1,0,1,1,0
35,No,23,2,91,3,2705,16,2,4,0,3,0,1,0,0,1,1,0
47,No,4,3,92,2,10333,12,4,11,14,10,0,1,0,1,0,0,1
40,No,12,2,47,1,4448,12,3,4,7,7,0,1,0,1,0,1,0
54,No,7,4,68,4,6854,15,2,1,1,7,0,1,0,1,0,1,0
31,No,7,1,68,1,9637,14,3,2,2,2,0,0,1,1,0,1,0
28,No,1,3,67,1,3591,25,3,2,1,2,0,1,0,1,0,1,0
38,No,2,2,77,4,5405,20,4,2,0,3,0,0,1,1,0,0,1
26,No,10,3,46,4,4684,13,4,3,1,2,0,0,1,0,1,1,0
58,No,15,1,87,3,15787,14,3,2,2,2,0,1,0,0,1,0,1
18,No,14,2,33,3,1514,16,4,0,0,0,0,1,0,1,0,1,0
31,Yes,18,4,89,1,2956,17,4,0,0,0,1,0,0,0,1,1,0
29,Yes,13,1,56,1,2335,15,3,2,2,0,1,0,0,0,1,0,1
45,No,2,3,67,3,5154,22,3,7,5,7,0,0,1,1,0,1,0
36,No,2,4,73,2,6962,22,2,0,0,0,0,1,0,1,0,0,1
43,No,2,1,92,4,5675,20,5,7,7,7,0,0,1,0,1,1,0
27,No,5,4,53,4,2379,14,3,4,0,2,0,1,0,1,0,0,1
29,No,20,4,40,4,3812,13,3,8,3,10,0,1,0,0,1,1,0
32,No,10,4,79,4,4648,13,2,0,0,0,0,0,1,0,1,1,0
42,No,10,3,38,3,2936,22,1,3,3,3,0,1,0,0,1,1,0
47,No,9,2,64,3,2105,12,2,2,2,0,0,1,0,1,0,1,0
46,No,2,4,82,4,8578,14,4,8,4,7,0,1,0,0,1,1,0
28,No,1,3,43,4,2706,15,2,2,2,2,1,0,0,0,1,1,0
29,No,29,4,93,3,6384,17,3,0,1,6,0,1,0,0,1,1,0
42,No,8,4,81,3,3968,13,3,0,0,0,0,1,0,0,1,1,0
32,Yes,2,3,82,2,9907,12,3,2,2,2,0,0,1,0,1,0,1
46,No,3,1,45,1,13225,12,5,17,2,8,0,0,1,1,0,1,0
27,No,23,2,36,3,3540,21,5,8,5,8,0,0,1,1,0,1,0
29,No,6,4,87,2,2804,11,3,0,0,0,1,0,0,0,1,1,0
43,No,6,1,81,3,19392,13,2,12,6,14,0,1,0,1,0,1,0
48,No,10,4,91,2,19665,12,3,10,12,9,0,1,0,0,1,1,0
29,Yes,24,4,73,4,2439,24,3,0,1,0,0,1,0,0,1,0,1
46,Yes,10,3,64,2,7314,21,2,7,0,7,0,0,1,1,0,1,0
27,No,15,4,77,1,4774,19,2,6,7,3,0,1,0,1,0,1,0
39,No,19,4,41,4,3902,14,2,2,2,2,0,1,0,0,1,1,0
55,No,2,2,98,4,2662,20,2,2,0,4,0,1,0,0,1,1,0
28,No,3,2,78,2,2856,19,3,0,0,0,0,0,1,1,0,1,0
30,Yes,9,2,89,4,1081,13,3,0,0,0,0,0,1,0,1,1,0
22,Yes,7,4,75,2,2472,23,2,0,0,0,0,1,0,0,1,0,1
36,No,10,2,63,3,5673,13,4,9,1,7,0,0,1,1,0,0,1
31,No,20,2,89,3,4197,11,2,8,0,2,0,1,0,0,1,1,0
34,No,4,3,64,4,9713,13,3,3,1,0,0,0,1,0,1,0,1
29,No,7,4,59,1,2062,14,2,2,1,2,0,1,0,0,1,1,0
37,No,7,4,78,1,4284,22,2,3,0,4,0,1,0,0,1,0,1
35,No,16,4,44,2,4788,11,2,2,0,2,0,1,0,1,0,0,1
45,No,25,2,93,4,5906,13,2,8,3,8,0,1,0,1,0,1,0
36,No,2,2,94,4,3886,21,2,1,0,8,1,0,0,0,1,1,0
40,No,1,1,98,1,16823,11,3,7,11,16,0,1,0,0,1,1,0
26,No,1,2,90,3,2933,13,3,0,1,0,0,1,0,1,0,0,1
27,No,2,1,89,3,6500,14,5,7,0,7,0,0,1,1,0,1,0
48,No,22,4,58,4,17174,11,3,17,4,7,0,1,0,1,0,1,0
44,No,1,2,78,1,5033,15,5,0,2,2,0,1,0,0,1,1,0
34,Yes,16,4,85,1,2307,23,2,2,3,0,0,1,0,0,1,0,1
56,Yes,24,1,97,4,2587,16,3,2,1,0,0,1,0,0,1,1,0
36,No,17,3,33,2,5507,16,1,2,1,3,0,0,1,0,1,1,0
41,No,8,3,54,2,4393,21,3,4,1,4,0,0,1,1,0,1,0
42,No,6,3,83,1,13348,13,3,7,5,7,0,1,0,0,1,1,0
31,No,10,3,86,4,6583,11,2,2,1,4,0,0,1,1,0,0,1
34,No,3,4,75,4,8103,12,3,2,0,1,0,0,1,1,0,0,1
31,No,4,1,62,3,3978,12,0,2,2,2,0,1,0,1,0,1,0
26,No,6,3,61,4,2544,18,3,7,7,7,0,1,0,0,1,1,0
45,No,1,2,44,3,5399,12,3,2,0,3,0,1,0,0,1,1,0
33,No,10,2,43,3,5487,14,2,4,0,9,0,0,1,0,1,1,0
28,No,1,3,42,4,6834,12,2,7,0,7,0,0,1,0,1,0,1
29,Yes,24,3,45,1,1091,17,3,0,0,0,0,0,1,0,1,1,0
39,No,21,1,32,3,5736,19,1,2,1,2,0,0,1,1,0,1,0
27,No,2,2,41,2,2226,11,3,3,1,2,0,1,0,0,1,1,0
34,No,22,3,86,4,5747,15,3,10,6,11,0,1,0,0,1,0,1
28,Yes,13,4,84,3,9854,11,0,0,2,2,0,0,1,1,0,0,1
47,No,14,3,64,2,5467,18,4,7,1,7,0,1,0,0,1,1,0
56,No,11,4,89,1,5380,16,3,0,0,0,0,0,1,1,0,1,0
39,No,9,1,87,1,5151,25,3,0,7,9,0,1,0,0,1,1,0
38,No,8,4,58,2,2133,16,3,11,0,7,0,1,0,1,0,0,1
58,No,21,4,72,4,17875,13,2,0,0,0,0,0,1,1,0,0,1
32,Yes,5,1,47,3,2432,14,2,1,0,3,0,1,0,1,0,0,1
38,No,9,2,71,4,4771,19,0,2,0,3,0,1,0,0,1,1,0
49,No,2,2,42,4,19161,15,3,4,4,3,0,1,0,0,1,1,0
42,No,12,2,77,4,5087,12,4,0,0,0,0,0,1,0,1,0,1
27,Yes,22,1,58,2,2863,12,2,0,0,0,1,0,0,1,0,1,0
35,No,18,2,71,1,5561,16,2,3,0,4,0,0,1,0,1,1,0
28,No,16,3,49,3,2144,14,3,3,1,4,0,1,0,0,1,1,0
31,No,3,3,48,1,3065,13,3,2,2,3,0,1,0,0,1,0,1
36,No,9,1,66,2,2810,22,3,4,0,2,0,1,0,0,1,1,0
34,No,1,1,32,4,9888,21,3,8,2,1,0,0,1,0,1,1,0
34,No,13,4,39,3,8628,18,2,7,1,1,0,0,1,0,1,1,0
26,No,1,3,95,1,2867,13,6,7,7,6,0,1,0,0,1,1,0
29,No,1,1,89,1,5373,12,5,3,0,2,0,1,0,0,1,1,0
32,No,15,3,34,4,6667,18,6,1,1,2,0,1,0,1,0,1,0
31,No,1,4,48,1,5003,21,6,8,8,7,0,1,0,0,1,1,0
28,Yes,17,3,32,4,2367,12,2,1,0,3,0,1,0,0,1,1,0
38,No,1,1,59,1,2858,14,3,0,0,0,0,0,1,0,1,1,0
35,No,7,3,55,4,5204,11,2,8,0,9,0,0,1,1,0,0,1
27,No,9,4,44,4,4105,14,5,7,0,7,0,0,1,0,1,1,0
32,No,5,4,56,4,9679,24,1,0,0,0,0,1,0,0,1,1,0
31,Yes,26,1,63,4,5617,11,4,7,0,8,0,0,1,0,1,0,1
53,Yes,24,1,66,1,10448,13,2,2,2,2,0,0,1,0,1,0,1
54,No,9,1,67,3,2897,11,6,3,2,3,0,1,0,1,0,1,0
33,No,7,4,36,3,5968,20,2,7,2,8,0,1,0,0,1,1,0
43,No,11,1,30,3,7510,17,1,9,0,9,0,1,0,0,1,1,0
38,No,1,4,88,2,2991,11,2,2,1,2,1,0,0,0,1,0,1
55,No,26,3,71,2,19636,18,0,9,1,4,1,0,0,0,1,0,1
31,No,2,4,59,4,1129,11,4,0,0,0,0,1,0,1,0,0,1
39,No,15,2,77,1,13341,12,3,8,11,10,0,0,1,0,1,1,0
42,No,23,4,37,3,4332,12,2,9,3,7,0,1,0,0,1,1,0
31,No,10,3,40,3,11031,20,2,7,4,8,0,1,0,1,0,1,0
54,No,10,3,77,1,4440,19,3,2,1,4,0,1,0,1,0,0,1
24,No,1,2,45,3,4617,12,2,3,1,2,0,1,0,0,1,1,0
23,No,12,4,78,4,2647,13,6,2,1,4,0,1,0,0,1,1,0
40,No,11,4,73,3,6323,11,2,9,9,4,0,1,0,1,0,1,0
40,No,2,2,92,2,5677,14,4,8,5,10,0,0,1,1,0,1,0
25,No,2,3,82,2,2187,14,3,0,1,2,1,0,0,1,0,1,0
30,No,1,4,76,2,3748,13,6,8,1,7,0,1,0,0,1,1,0
25,No,2,4,57,3,3977,19,2,2,0,2,0,1,0,0,1,0,1
47,No,25,1,84,3,8633,23,3,14,12,11,0,1,0,0,1,1,0
33,No,1,2,59,3,2008,12,2,1,0,0,0,1,0,0,1,1,0
38,No,1,4,86,2,4440,15,3,13,5,8,0,0,1,0,1,1,0
31,No,2,1,54,3,3067,19,1,2,1,2,0,0,1,0,1,1,0
38,No,6,1,72,3,5321,11,1,3,7,7,0,1,0,0,1,1,0
42,No,18,4,35,1,5410,17,3,3,1,2,0,1,0,0,1,0,1
41,No,1,4,76,4,2782,22,3,3,1,0,0,1,0,0,1,1,0
47,No,1,3,98,2,11957,18,3,8,5,12,0,1,0,1,0,1,0
35,No,11,4,43,3,2660,11,3,2,2,2,0,1,0,0,1,0,1
22,No,1,4,63,3,3375,12,2,2,1,2,0,1,0,0,1,1,0
35,No,9,2,48,3,5098,19,5,7,0,8,0,1,0,0,1,1,0
33,No,15,2,95,4,4878,13,6,7,8,1,0,1,0,1,0,0,1
32,No,29,3,49,2,2837,13,3,2,4,1,0,1,0,1,0,1,0
40,No,1,1,83,4,2406,19,3,0,0,0,0,1,0,0,1,1,0
32,No,1,2,68,2,2269,14,2,2,2,2,0,0,1,0,1,1,0
39,No,24,1,52,4,4108,13,2,7,1,7,0,1,0,0,1,1,0
38,No,10,2,99,3,13206,12,3,16,1,11,0,1,0,1,0,1,0
32,No,1,3,48,4,10422,19,3,10,5,7,0,0,1,1,0,1,0
37,No,10,3,42,4,13744,25,2,11,6,8,0,1,0,1,0,0,1
25,No,8,1,85,3,4907,22,3,3,0,4,0,0,1,1,0,0,1
52,No,29,1,40,4,3482,15,3,8,0,0,0,0,1,0,1,1,0
44,No,1,2,42,4,2436,12,2,3,1,2,0,1,0,0,1,0,1
21,No,5,3,58,1,2380,11,6,2,1,2,0,0,1,0,1,0,1
39,No,9,4,87,4,19431,13,3,0,1,3,0,1,0,0,1,1,0
23,Yes,9,4,33,1,1790,19,3,0,1,0,0,0,1,0,1,1,0
36,No,3,1,94,4,7644,19,2,7,3,4,0,0,1,1,0,1,0
36,No,4,4,97,2,5131,13,3,2,0,2,0,1,0,1,0,1,0
56,No,1,3,57,3,6306,21,2,12,1,9,0,1,0,0,1,1,0
29,Yes,1,1,36,4,4787,14,3,2,2,2,0,1,0,0,1,0,1
42,No,2,1,56,3,18880,11,2,6,4,14,0,1,0,0,1,1,0
56,Yes,7,4,72,3,2339,11,4,9,9,8,0,1,0,0,1,1,0
41,No,28,1,60,2,13570,23,3,7,0,10,0,1,0,1,0,1,0
34,No,28,4,95,3,6712,21,2,7,1,7,0,0,1,1,0,1,0
36,No,15,4,88,4,5406,24,4,12,11,11,0,0,1,0,1,1,0
41,No,3,3,57,2,8938,11,5,4,0,4,0,0,1,0,1,1,0
32,No,2,4,78,1,2439,14,4,2,1,2,0,1,0,0,1,1,0
35,No,26,3,31,4,8837,16,2,0,1,7,1,0,0,1,0,0,1
38,No,10,1,100,4,5343,11,1,7,1,9,0,0,1,1,0,1,0
50,Yes,1,2,94,3,6728,12,3,3,0,1,0,0,1,0,1,1,0
36,No,11,2,100,4,6652,13,2,3,0,0,0,0,1,1,0,1,0
45,No,20,4,50,3,4850,15,3,3,0,1,0,0,1,1,0,1,0
40,No,2,3,52,3,2809,14,2,2,2,2,0,1,0,0,1,1,0
35,No,18,3,80,3,5689,14,2,2,0,2,0,1,0,0,1,0,1
40,No,2,3,98,3,2001,14,2,3,0,2,0,1,0,1,0,1,0
35,No,1,3,62,4,2977,12,5,3,1,1,0,1,0,1,0,1,0
29,No,13,4,46,2,4025,13,2,3,0,3,0,1,0,0,1,0,1
29,No,28,4,73,1,3785,14,3,4,0,4,0,1,0,1,0,1,0
50,Yes,28,4,39,1,10854,13,3,2,2,0,0,0,1,0,1,0,1
39,No,24,2,60,4,12031,11,2,9,9,6,0,0,1,1,0,1,0
31,No,5,2,74,1,9936,19,2,4,1,7,0,1,0,0,1,1,0
26,No,5,4,30,3,2966,18,2,2,0,0,0,0,1,1,0,1,0
36,No,23,3,41,4,2571,17,3,2,0,3,0,1,0,0,1,1,0
39,No,6,4,42,1,9991,15,5,7,1,7,0,1,0,0,1,1,0
27,No,4,2,87,2,6142,20,0,2,0,3,0,1,0,0,1,0,1
49,No,2,4,63,2,5390,14,3,6,0,8,0,0,1,0,1,1,0
34,No,8,2,82,3,4404,12,3,3,1,2,0,1,0,0,1,1,0
